,repo_id,repo_name,data_collection_date,event_type,event_datetime,contributor_name,pr_merge_status
0,25952,yt,2023-02-28 16:46:00,pull_request_created,2023-03-27 22:07:35,neutrinoceros,not merged
1,25888,de_rle,2023-02-28 16:46:00,pull_request_created,2020-11-09 22:12:51,dgosselin-p4,merged
2,25880,Gklee,2023-02-28 16:46:00,pull_request_created,2021-03-23 02:09:26,tanmaytirpankar,not merged
3,25952,yt,2023-02-28 16:46:00,pull_request_created,2023-03-27 19:21:09,matthewturk,not merged
4,25939,ompi,2023-02-28 16:46:00,pull_request_created,2021-03-17 00:55:44,rhc54,merged
5,25978,NNDrone,2023-02-28 16:46:00,pull_request_created,2022-09-15 16:57:03,Tevien,merged
6,25952,yt,2023-02-28 16:46:00,pull_request_created,2023-03-23 17:35:15,chrishavlin,merged
7,25991,hydroshare,2023-02-28 16:46:00,pull_request_created,2023-02-06 13:19:45,devincowan,merged
8,25952,yt,2023-02-28 16:46:00,pull_request_created,2023-03-23 14:59:48,neutrinoceros,merged
9,25952,yt,2023-02-28 16:46:00,pull_request_created,2023-03-20 14:37:33,jisuoqing,merged
10,25952,yt,2023-02-28 16:46:00,pull_request_created,2023-03-20 09:21:33,neutrinoceros,not merged
11,25952,yt,2023-02-28 16:46:00,pull_request_created,2023-03-18 13:58:15,neutrinoceros,not merged
12,25939,ompi,2023-02-28 16:46:00,pull_request_created,2021-03-17 00:19:00,bwbarrett,merged
13,25840,Controllers,2023-02-28 16:46:00,pull_request_created,2018-12-14 20:32:11,ashishnargundkar,not merged
14,25840,Controllers,2023-02-28 16:46:00,pull_request_created,2018-09-05 22:55:01,ashishnargundkar,merged
15,25840,Controllers,2023-02-28 16:46:00,pull_request_created,2018-05-25 23:54:16,ashishnargundkar,merged
16,25840,Controllers,2023-02-28 16:46:00,pull_request_created,2018-05-23 18:39:32,ashishnargundkar,not merged
17,25840,Controllers,2023-02-28 16:46:00,pull_request_created,2018-05-20 21:41:53,ashishnargundkar,merged
18,25840,Controllers,2023-02-28 16:46:00,pull_request_created,2018-04-09 21:39:29,ashishnargundkar,merged
19,25840,Controllers,2023-02-28 16:46:00,pull_request_created,2018-04-09 19:21:39,gauravyeole,merged
20,25840,Controllers,2023-02-28 16:46:00,pull_request_created,2018-03-23 16:32:10,ashishnargundkar,merged
21,25840,Controllers,2023-02-28 16:46:00,pull_request_created,2018-03-22 19:10:51,gauravyeole,merged
22,25840,Controllers,2023-02-28 16:46:00,pull_request_created,2018-03-21 13:13:59,avinashnatesan,merged
23,25952,yt,2023-02-28 16:46:00,pull_request_created,2023-03-15 11:17:15,neutrinoceros,merged
24,25840,Controllers,2023-02-28 16:46:00,pull_request_created,2018-03-15 08:43:42,kcratie,merged
25,26069,Trilinos,2023-02-28 16:46:00,pull_request_created,2019-01-14 22:27:35,mhoemmen,merged
26,25840,Controllers,2023-02-28 16:46:00,pull_request_created,2018-01-24 19:32:00,ashishnargundkar,not merged
27,25840,Controllers,2023-02-28 16:46:00,pull_request_created,2017-12-21 22:34:12,kcratie,merged
28,25840,Controllers,2023-02-28 16:46:00,pull_request_created,2017-06-30 19:07:29,cstapler,merged
29,25840,Controllers,2023-02-28 16:46:00,pull_request_created,2017-04-05 21:35:56,vyassu,merged
30,25952,yt,2023-02-28 16:46:00,pull_request_created,2023-03-14 14:07:58,neutrinoceros,merged
31,25840,Controllers,2023-02-28 16:46:00,pull_request_created,2017-04-03 18:07:12,vyassu,merged
32,25840,Controllers,2023-02-28 16:46:00,pull_request_created,2017-03-30 15:56:26,vyassu,merged
33,25952,yt,2023-02-28 16:46:00,pull_request_created,2023-03-14 12:17:06,neutrinoceros,merged
34,25840,Controllers,2023-02-28 16:46:00,pull_request_created,2016-08-17 01:12:07,saumitraaditya,merged
35,25952,yt,2023-02-28 16:46:00,pull_request_created,2023-03-11 20:26:04,jzuhone,not merged
36,25952,yt,2023-02-28 16:46:00,pull_request_created,2023-03-09 15:13:33,matthewturk,not merged
37,25952,yt,2023-02-28 16:46:00,pull_request_created,2023-03-06 18:23:17,pre-commit-ci[bot],merged
38,25952,yt,2023-02-28 16:46:00,pull_request_created,2023-03-05 23:10:27,neutrinoceros,merged
39,25840,Controllers,2023-02-28 16:46:00,pull_request_created,2016-04-18 17:34:30,ssabogal,merged
40,25840,Controllers,2023-02-28 16:46:00,pull_request_created,2016-04-15 04:28:33,ssabogal,merged
41,25840,Controllers,2023-02-28 16:46:00,pull_request_created,2016-03-06 00:51:03,ssabogal,merged
42,25952,yt,2023-02-28 16:46:00,pull_request_created,2023-03-04 12:03:02,neutrinoceros,merged
43,25952,yt,2023-02-28 16:46:00,pull_request_created,2023-03-03 16:19:32,jisuoqing,not merged
44,25840,Controllers,2023-02-28 16:46:00,pull_request_created,2016-02-24 17:29:43,JaikrishnaTS,merged
45,25840,Controllers,2023-02-28 16:46:00,pull_request_created,2016-02-24 17:20:31,ssabogal,not merged
46,25840,Controllers,2023-02-28 16:46:00,pull_request_created,2016-02-10 19:59:02,ssabogal,merged
47,25840,Controllers,2023-02-28 16:46:00,pull_request_created,2016-02-05 04:11:42,ssabogal,merged
48,25952,yt,2023-02-28 16:46:00,pull_request_created,2023-03-03 10:15:23,jisuoqing,not merged
49,25840,Controllers,2023-02-28 16:46:00,pull_request_created,2016-01-20 15:05:18,ubap,merged
50,25840,Controllers,2023-02-28 16:46:00,pull_request_created,2016-01-14 22:31:19,ssabogal,merged
51,25952,yt,2023-02-28 16:46:00,pull_request_created,2023-03-03 09:59:04,neutrinoceros,merged
52,25840,Controllers,2023-02-28 16:46:00,pull_request_created,2016-01-12 02:32:48,kcratie,merged
53,25840,Controllers,2023-02-28 16:46:00,pull_request_created,2016-01-11 23:11:14,kcratie,not merged
54,25952,yt,2023-02-28 16:46:00,pull_request_created,2023-03-03 09:29:57,neutrinoceros,merged
55,25840,Controllers,2023-02-28 16:46:00,pull_request_created,2016-01-11 22:37:30,ssabogal,not merged
56,25840,Controllers,2023-02-28 16:46:00,pull_request_created,2016-01-11 05:15:39,kyuhojeong,not merged
57,25952,yt,2023-02-28 16:46:00,pull_request_created,2023-03-02 15:04:25,neutrinoceros,merged
58,25952,yt,2023-02-28 16:46:00,pull_request_created,2023-03-02 13:38:05,neutrinoceros,merged
59,25840,Controllers,2023-02-28 16:46:00,pull_request_created,2015-11-25 04:30:51,xiang9156,merged
60,25840,Controllers,2023-02-28 16:46:00,pull_request_created,2015-11-22 00:00:51,ssabogal,merged
61,25840,Controllers,2023-02-28 16:46:00,pull_request_created,2015-11-18 19:03:50,kcratie,merged
62,25952,yt,2023-02-28 16:46:00,pull_request_created,2023-03-01 15:26:54,Xarthisius,merged
63,25840,Controllers,2023-02-28 16:46:00,pull_request_created,2015-11-17 21:00:45,kcratie,merged
64,25840,Controllers,2023-02-28 16:46:00,pull_request_created,2015-11-17 01:36:38,kcratie,merged
65,25840,Controllers,2023-02-28 16:46:00,pull_request_created,2015-11-09 20:22:19,birdyhuang,merged
66,25952,yt,2023-02-28 16:46:00,pull_request_created,2023-02-22 19:02:22,neutrinoceros,merged
67,25840,Controllers,2023-02-28 16:46:00,pull_request_created,2015-11-05 22:29:25,ssabogal,merged
68,25840,Controllers,2023-02-28 16:46:00,pull_request_created,2015-11-05 21:10:30,kcratie,merged
69,25840,Controllers,2023-02-28 16:46:00,pull_request_created,2015-11-05 20:38:27,birdyhuang,not merged
70,25952,yt,2023-02-28 16:46:00,pull_request_created,2023-02-21 17:44:46,neutrinoceros,merged
71,25952,yt,2023-02-28 16:46:00,pull_request_created,2023-02-21 14:26:14,matthewturk,merged
72,25840,Controllers,2023-02-28 16:46:00,pull_request_created,2015-11-04 23:11:12,ssabogal,merged
73,25952,yt,2023-02-28 16:46:00,pull_request_created,2023-02-21 13:26:03,zingale,merged
74,25952,yt,2023-02-28 16:46:00,pull_request_created,2023-02-21 11:22:29,neutrinoceros,merged
75,26091,root_numpy,2023-02-28 16:46:00,pull_request_created,2017-08-03 03:53:41,ndawe,merged
76,25840,Controllers,2023-02-28 16:46:00,pull_request_created,2015-11-04 22:24:22,smahesul,merged
77,25840,Controllers,2023-02-28 16:46:00,pull_request_created,2015-11-04 20:12:02,kcratie,merged
78,25840,Controllers,2023-02-28 16:46:00,pull_request_created,2015-11-02 22:06:08,kcratie,merged
79,25952,yt,2023-02-28 16:46:00,pull_request_created,2023-02-19 12:52:21,neutrinoceros,merged
80,25840,Controllers,2023-02-28 16:46:00,pull_request_created,2015-10-30 03:42:12,ssabogal,merged
81,25840,Controllers,2023-02-28 16:46:00,pull_request_created,2015-10-27 17:43:45,kyuhojeong,not merged
82,25840,Controllers,2023-02-28 16:46:00,pull_request_created,2015-10-22 23:40:11,ssabogal,not merged
83,25952,yt,2023-02-28 16:46:00,pull_request_created,2023-02-19 12:11:40,neutrinoceros,merged
84,25840,Controllers,2023-02-28 16:46:00,pull_request_created,2015-09-28 02:49:47,kyuhojeong,not merged
85,25840,Controllers,2023-02-28 16:46:00,pull_request_created,2015-08-16 21:09:41,kyuhojeong,not merged
86,25958,awp-odc-os,2023-02-28 16:46:00,pull_request_created,2017-08-16 21:52:21,RajdeepKonwar,merged
87,25952,yt,2023-02-28 16:46:00,pull_request_created,2023-02-18 15:45:50,neutrinoceros,merged
88,25840,Controllers,2023-02-28 16:46:00,pull_request_created,2015-07-03 00:33:54,yagnasrinath,not merged
89,25952,yt,2023-02-28 16:46:00,pull_request_created,2023-02-15 19:47:09,neutrinoceros,merged
90,25991,hydroshare,2023-02-28 16:46:00,pull_request_created,2023-01-25 13:40:00,devincowan,merged
91,25840,Controllers,2023-02-28 16:46:00,pull_request_created,2015-06-03 18:46:45,yagnasrinath,merged
92,25952,yt,2023-02-28 16:46:00,pull_request_created,2023-02-15 14:58:29,dependabot[bot],merged
93,25840,Controllers,2023-02-28 16:46:00,pull_request_created,2015-04-20 08:43:52,yagnasrinath,merged
94,25840,Controllers,2023-02-28 16:46:00,pull_request_created,2015-03-11 19:10:36,GingerNinja23,merged
95,25840,Controllers,2023-02-28 16:46:00,pull_request_created,2015-03-11 17:16:43,ghost,not merged
96,25952,yt,2023-02-28 16:46:00,pull_request_created,2023-02-15 14:58:24,dependabot[bot],merged
97,25952,yt,2023-02-28 16:46:00,pull_request_created,2023-02-15 09:35:29,neutrinoceros,merged
98,25840,Controllers,2023-02-28 16:46:00,pull_request_created,2015-02-11 03:45:15,kyuhojeong,merged
99,25840,Controllers,2023-02-28 16:46:00,pull_request_created,2015-02-02 02:02:27,kcratie,merged
100,25840,Controllers,2023-02-28 16:46:00,pull_request_created,2015-01-23 23:31:37,saumitraaditya,merged
101,25840,Controllers,2023-02-28 16:46:00,pull_request_created,2015-01-23 21:14:36,saumitraaditya,not merged
102,25840,Controllers,2023-02-28 16:46:00,pull_request_created,2014-12-09 23:59:04,kyuhojeong,merged
103,25952,yt,2023-02-28 16:46:00,pull_request_created,2023-02-13 14:01:03,chrishavlin,merged
104,25840,Controllers,2023-02-28 16:46:00,pull_request_created,2014-11-21 21:48:09,kyuhojeong,merged
105,25840,Controllers,2023-02-28 16:46:00,pull_request_created,2014-11-17 03:19:19,kyuhojeong,merged
106,25840,Controllers,2023-02-28 16:46:00,pull_request_created,2014-10-04 09:42:31,RoboMod,merged
107,25991,hydroshare,2023-02-28 16:46:00,pull_request_created,2023-01-24 19:34:30,devincowan,merged
108,25840,Controllers,2023-02-28 16:46:00,pull_request_created,2014-09-18 21:43:46,kyuhojeong,merged
109,25840,Controllers,2023-02-28 16:46:00,pull_request_created,2014-07-22 05:28:46,kyuhojeong,merged
110,25840,Controllers,2023-02-28 16:46:00,pull_request_created,2014-07-20 02:46:03,kcratie,merged
111,25840,Controllers,2023-02-28 16:46:00,pull_request_created,2014-07-18 18:08:27,kyuhojeong,merged
112,25840,Controllers,2023-02-28 16:46:00,pull_request_created,2014-07-12 20:15:47,kyuhojeong,merged
113,25840,Controllers,2023-02-28 16:46:00,pull_request_created,2014-07-04 03:06:24,kyuhojeong,merged
114,25840,Controllers,2023-02-28 16:46:00,pull_request_created,2014-07-01 03:13:23,kyuhojeong,merged
115,25840,Controllers,2023-02-28 16:46:00,pull_request_created,2014-06-29 00:47:37,pstjuste,merged
116,25840,Controllers,2023-02-28 16:46:00,pull_request_created,2014-06-24 21:33:13,kyuhojeong,merged
117,25840,Controllers,2023-02-28 16:46:00,pull_request_created,2014-06-22 01:34:41,kyuhojeong,merged
118,25840,Controllers,2023-02-28 16:46:00,pull_request_created,2014-06-13 21:13:56,kyuhojeong,merged
119,25840,Controllers,2023-02-28 16:46:00,pull_request_created,2014-06-08 01:43:12,kyuhojeong,merged
120,25952,yt,2023-02-28 16:46:00,pull_request_created,2023-02-09 17:32:14,jisuoqing,merged
121,25840,Controllers,2023-02-28 16:46:00,pull_request_created,2014-05-04 15:46:32,pstjuste,merged
122,25840,Controllers,2023-02-28 16:46:00,pull_request_created,2014-04-29 03:56:20,pstjuste,merged
123,25978,NNDrone,2023-02-28 16:46:00,pull_request_created,2018-04-03 15:43:24,jatin10805,merged
124,25978,NNDrone,2023-02-28 16:46:00,pull_request_created,2018-03-23 09:20:37,pradeepgopalakrishnan,merged
125,26045,dealii,2023-02-28 16:46:00,pull_request_created,2021-04-20 07:06:02,simonsticko,merged
126,25840,Controllers,2023-02-28 16:46:00,pull_request_created,2014-04-20 23:23:22,kyuhojeong,merged
127,25840,Controllers,2023-02-28 16:46:00,pull_request_created,2014-03-31 20:35:17,kyuhojeong,merged
128,25840,Controllers,2023-02-28 16:46:00,pull_request_created,2014-03-04 23:16:14,kyuhojeong,merged
129,25952,yt,2023-02-28 16:46:00,pull_request_created,2023-02-08 09:01:28,neutrinoceros,merged
130,25831,cp2k,2023-02-28 16:46:00,pull_request_created,2023-03-24 15:28:29,oschuett,merged
131,25952,yt,2023-02-28 16:46:00,pull_request_created,2023-02-07 18:22:17,chrishavlin,merged
132,25952,yt,2023-02-28 16:46:00,pull_request_created,2023-02-06 19:11:00,neutrinoceros,merged
133,25952,yt,2023-02-28 16:46:00,pull_request_created,2023-02-06 18:36:30,pre-commit-ci[bot],merged
134,25952,yt,2023-02-28 16:46:00,pull_request_created,2023-02-06 14:10:37,neutrinoceros,merged
135,25952,yt,2023-02-28 16:46:00,pull_request_created,2023-02-04 14:14:41,neutrinoceros,not merged
136,26069,Trilinos,2023-02-28 16:46:00,pull_request_created,2019-01-14 22:05:48,jhux2,merged
137,25874,pegasus,2023-02-28 16:46:00,pull_request_created,2023-02-07 10:19:28,zaiyan-alam,merged
138,25952,yt,2023-02-28 16:46:00,pull_request_created,2023-02-03 17:32:55,pgrete,not merged
139,25952,yt,2023-02-28 16:46:00,pull_request_created,2023-02-02 09:43:40,neutrinoceros,not merged
140,25952,yt,2023-02-28 16:46:00,pull_request_created,2023-01-31 16:19:16,neutrinoceros,merged
141,25831,cp2k,2023-02-28 16:46:00,pull_request_created,2023-03-24 13:12:19,mkrack,merged
142,25952,yt,2023-02-28 16:46:00,pull_request_created,2023-01-30 20:14:22,neutrinoceros,merged
143,25952,yt,2023-02-28 16:46:00,pull_request_created,2023-01-30 18:19:01,pre-commit-ci[bot],merged
144,26069,Trilinos,2023-02-28 16:46:00,pull_request_created,2019-01-14 17:50:15,rhoope,merged
145,25939,ompi,2023-02-28 16:46:00,pull_request_created,2021-03-17 00:14:18,bwbarrett,merged
146,25952,yt,2023-02-28 16:46:00,pull_request_created,2023-01-28 00:23:15,chrishavlin,merged
147,25952,yt,2023-02-28 16:46:00,pull_request_created,2023-01-27 15:35:28,chrishavlin,merged
148,25952,yt,2023-02-28 16:46:00,pull_request_created,2023-01-26 16:42:59,Xarthisius,not merged
149,25895,cookie,2023-02-28 16:46:00,pull_request_created,2022-09-05 19:05:50,henryiii,merged
150,26069,Trilinos,2023-02-28 16:46:00,pull_request_created,2019-01-14 15:16:43,csiefer2,merged
151,25952,yt,2023-02-28 16:46:00,pull_request_created,2023-01-26 10:59:50,neutrinoceros,merged
152,25952,yt,2023-02-28 16:46:00,pull_request_created,2023-01-23 10:59:33,neutrinoceros,merged
153,25952,yt,2023-02-28 16:46:00,pull_request_created,2023-01-21 17:09:41,neutrinoceros,merged
154,26069,Trilinos,2023-02-28 16:46:00,pull_request_created,2019-01-14 09:06:41,trilinos-autotester,merged
155,25831,cp2k,2023-02-28 16:46:00,pull_request_created,2023-03-21 16:33:45,gabriele16,merged
156,25952,yt,2023-02-28 16:46:00,pull_request_created,2023-01-20 22:13:40,matthewturk,merged
157,25952,yt,2023-02-28 16:46:00,pull_request_created,2023-01-18 17:51:14,Xarthisius,merged
158,25831,cp2k,2023-02-28 16:46:00,pull_request_created,2023-03-21 08:56:40,mkrack,not merged
159,26069,Trilinos,2023-02-28 16:46:00,pull_request_created,2019-01-12 17:41:36,bathmatt,merged
160,25952,yt,2023-02-28 16:46:00,pull_request_created,2023-01-18 05:28:18,cphyc,not merged
161,25952,yt,2023-02-28 16:46:00,pull_request_created,2023-01-17 19:29:06,neutrinoceros,not merged
162,25952,yt,2023-02-28 16:46:00,pull_request_created,2023-01-16 18:02:08,pre-commit-ci[bot],merged
163,25831,cp2k,2023-02-28 16:46:00,pull_request_created,2023-03-20 17:41:57,mkrack,merged
164,25952,yt,2023-02-28 16:46:00,pull_request_created,2023-01-13 15:42:04,matthewturk,not merged
165,25831,cp2k,2023-02-28 16:46:00,pull_request_created,2023-03-19 14:53:00,oschuett,merged
166,25952,yt,2023-02-28 16:46:00,pull_request_created,2023-01-13 09:53:09,neutrinoceros,not merged
167,25952,yt,2023-02-28 16:46:00,pull_request_created,2023-01-13 09:26:43,neutrinoceros,merged
168,25952,yt,2023-02-28 16:46:00,pull_request_created,2023-01-11 22:53:44,neutrinoceros,not merged
169,25952,yt,2023-02-28 16:46:00,pull_request_created,2023-01-11 22:35:11,neutrinoceros,merged
170,25831,cp2k,2023-02-28 16:46:00,pull_request_created,2023-03-17 17:02:27,mkrack,merged
171,26069,Trilinos,2023-02-28 16:46:00,pull_request_created,2019-01-12 01:03:41,lucbv,merged
172,25831,cp2k,2023-02-28 16:46:00,pull_request_created,2023-03-17 15:34:05,mkrack,merged
173,25952,yt,2023-02-28 16:46:00,pull_request_created,2023-01-10 22:05:27,neutrinoceros,merged
174,25952,yt,2023-02-28 16:46:00,pull_request_created,2023-01-10 19:20:39,Xarthisius,merged
175,25831,cp2k,2023-02-28 16:46:00,pull_request_created,2023-03-17 13:25:03,mkrack,merged
176,25952,yt,2023-02-28 16:46:00,pull_request_created,2023-01-09 17:57:20,pre-commit-ci[bot],merged
177,25831,cp2k,2023-02-28 16:46:00,pull_request_created,2023-03-16 21:53:48,oschuett,merged
178,25831,cp2k,2023-02-28 16:46:00,pull_request_created,2023-03-16 15:11:51,mkrack,merged
179,25831,cp2k,2023-02-28 16:46:00,pull_request_created,2023-03-16 13:50:30,BelizSertcan,merged
180,25939,ompi,2023-02-28 16:46:00,pull_request_created,2021-03-16 21:45:33,rajachan,merged
181,25831,cp2k,2023-02-28 16:46:00,pull_request_created,2023-03-16 12:44:44,fstein93,merged
182,25831,cp2k,2023-02-28 16:46:00,pull_request_created,2023-03-16 10:57:52,BelizSertcan,merged
183,25952,yt,2023-02-28 16:46:00,pull_request_created,2023-01-08 21:15:38,Xarthisius,merged
184,25952,yt,2023-02-28 16:46:00,pull_request_created,2023-01-08 16:58:06,neutrinoceros,merged
185,25952,yt,2023-02-28 16:46:00,pull_request_created,2023-01-07 12:05:43,neutrinoceros,merged
186,25831,cp2k,2023-02-28 16:46:00,pull_request_created,2023-03-16 10:11:26,mkrack,merged
187,25952,yt,2023-02-28 16:46:00,pull_request_created,2023-01-02 18:16:49,neutrinoceros,merged
188,25831,cp2k,2023-02-28 16:46:00,pull_request_created,2023-03-14 15:14:23,juerghutter,merged
189,25831,cp2k,2023-02-28 16:46:00,pull_request_created,2023-03-14 10:33:15,fbelle,merged
190,25831,cp2k,2023-02-28 16:46:00,pull_request_created,2023-03-13 16:13:28,mkrack,merged
191,25831,cp2k,2023-02-28 16:46:00,pull_request_created,2023-03-13 12:53:54,glb96,merged
192,25952,yt,2023-02-28 16:46:00,pull_request_created,2022-12-30 14:13:04,neutrinoceros,merged
193,25831,cp2k,2023-02-28 16:46:00,pull_request_created,2023-03-13 08:44:18,edditler,merged
194,25831,cp2k,2023-02-28 16:46:00,pull_request_created,2023-03-12 08:09:08,mkrack,merged
195,25831,cp2k,2023-02-28 16:46:00,pull_request_created,2023-03-11 18:16:06,oschuett,merged
196,25831,cp2k,2023-02-28 16:46:00,pull_request_created,2023-03-10 13:55:52,fbelle,merged
197,25831,cp2k,2023-02-28 16:46:00,pull_request_created,2023-03-10 13:21:00,mattiatj,merged
198,25952,yt,2023-02-28 16:46:00,pull_request_created,2022-12-29 18:13:43,neutrinoceros,merged
199,25952,yt,2023-02-28 16:46:00,pull_request_created,2022-12-29 13:54:50,neutrinoceros,not merged
200,25831,cp2k,2023-02-28 16:46:00,pull_request_created,2023-03-10 13:01:57,juerghutter,merged
201,25831,cp2k,2023-02-28 16:46:00,pull_request_created,2023-03-10 11:17:22,fbelle,not merged
202,25831,cp2k,2023-02-28 16:46:00,pull_request_created,2023-03-10 09:16:54,oschuett,merged
203,25831,cp2k,2023-02-28 16:46:00,pull_request_created,2023-03-09 18:33:31,mkrack,merged
204,25831,cp2k,2023-02-28 16:46:00,pull_request_created,2023-03-09 16:32:25,juerghutter,merged
205,25831,cp2k,2023-02-28 16:46:00,pull_request_created,2023-03-09 14:39:37,juerghutter,merged
206,25831,cp2k,2023-02-28 16:46:00,pull_request_created,2023-03-09 13:57:38,mkrack,merged
207,25831,cp2k,2023-02-28 16:46:00,pull_request_created,2023-03-09 11:28:14,juerghutter,merged
208,25952,yt,2023-02-28 16:46:00,pull_request_created,2022-12-28 20:12:02,neutrinoceros,merged
209,25952,yt,2023-02-28 16:46:00,pull_request_created,2022-12-28 19:52:44,neutrinoceros,merged
210,25952,yt,2023-02-28 16:46:00,pull_request_created,2022-12-27 14:55:23,neutrinoceros,merged
211,25952,yt,2023-02-28 16:46:00,pull_request_created,2022-12-26 18:02:12,pre-commit-ci[bot],merged
212,25952,yt,2023-02-28 16:46:00,pull_request_created,2022-12-26 13:29:34,neutrinoceros,merged
213,25831,cp2k,2023-02-28 16:46:00,pull_request_created,2023-03-09 10:06:58,mkrack,merged
214,25952,yt,2023-02-28 16:46:00,pull_request_created,2022-12-25 21:22:42,neutrinoceros,merged
215,25831,cp2k,2023-02-28 16:46:00,pull_request_created,2023-03-09 09:58:33,fstein93,merged
216,25952,yt,2023-02-28 16:46:00,pull_request_created,2022-12-24 14:35:33,neutrinoceros,merged
217,25831,cp2k,2023-02-28 16:46:00,pull_request_created,2023-03-08 16:16:47,fstein93,merged
218,25831,cp2k,2023-02-28 16:46:00,pull_request_created,2023-03-08 10:52:48,mkrack,merged
219,25831,cp2k,2023-02-28 16:46:00,pull_request_created,2023-03-07 18:02:04,fstein93,not merged
220,25831,cp2k,2023-02-28 16:46:00,pull_request_created,2023-03-07 17:17:35,mkrack,merged
221,25952,yt,2023-02-28 16:46:00,pull_request_created,2022-12-24 12:13:27,neutrinoceros,merged
222,25831,cp2k,2023-02-28 16:46:00,pull_request_created,2023-03-07 15:21:20,mkrack,merged
223,25831,cp2k,2023-02-28 16:46:00,pull_request_created,2023-03-07 11:46:53,hfp,merged
224,25952,yt,2023-02-28 16:46:00,pull_request_created,2022-12-23 19:40:16,neutrinoceros,not merged
225,25952,yt,2023-02-28 16:46:00,pull_request_created,2022-12-23 19:27:09,neutrinoceros,merged
226,25952,yt,2023-02-28 16:46:00,pull_request_created,2022-12-23 14:10:07,neutrinoceros,merged
227,25952,yt,2023-02-28 16:46:00,pull_request_created,2022-12-20 15:07:49,meeseeksmachine,merged
228,25831,cp2k,2023-02-28 16:46:00,pull_request_created,2023-03-06 10:20:35,fstein93,merged
229,25831,cp2k,2023-02-28 16:46:00,pull_request_created,2023-03-03 16:27:03,oschuett,merged
230,25952,yt,2023-02-28 16:46:00,pull_request_created,2022-12-20 10:16:31,neutrinoceros,merged
231,25978,NNDrone,2023-02-28 16:46:00,pull_request_created,2018-03-21 13:00:36,jatin10805,merged
232,25952,yt,2023-02-28 16:46:00,pull_request_created,2022-12-19 21:10:49,neutrinoceros,merged
233,25952,yt,2023-02-28 16:46:00,pull_request_created,2022-12-19 20:09:43,chrishavlin,merged
234,25952,yt,2023-02-28 16:46:00,pull_request_created,2022-12-19 17:49:18,pre-commit-ci[bot],merged
235,25952,yt,2023-02-28 16:46:00,pull_request_created,2022-12-17 18:54:48,neutrinoceros,not merged
236,25952,yt,2023-02-28 16:46:00,pull_request_created,2022-12-17 16:46:18,neutrinoceros,merged
237,25952,yt,2023-02-28 16:46:00,pull_request_created,2022-12-17 12:44:09,neutrinoceros,merged
238,25952,yt,2023-02-28 16:46:00,pull_request_created,2022-12-15 08:24:35,neutrinoceros,merged
239,25952,yt,2023-02-28 16:46:00,pull_request_created,2022-12-15 05:02:38,jzuhone,merged
240,25952,yt,2023-02-28 16:46:00,pull_request_created,2022-12-13 18:25:45,meeseeksmachine,merged
241,25831,cp2k,2023-02-28 16:46:00,pull_request_created,2023-03-03 15:17:46,oschuett,merged
242,25831,cp2k,2023-02-28 16:46:00,pull_request_created,2023-03-03 10:37:39,juerghutter,merged
243,25952,yt,2023-02-28 16:46:00,pull_request_created,2022-12-13 17:29:45,neutrinoceros,merged
244,25952,yt,2023-02-28 16:46:00,pull_request_created,2022-12-12 17:57:59,pre-commit-ci[bot],merged
245,25831,cp2k,2023-02-28 16:46:00,pull_request_created,2023-03-02 17:31:32,fstein93,merged
246,25831,cp2k,2023-02-28 16:46:00,pull_request_created,2023-03-02 09:39:01,fstein93,merged
247,25952,yt,2023-02-28 16:46:00,pull_request_created,2022-12-11 12:52:56,neutrinoceros,merged
248,25831,cp2k,2023-02-28 16:46:00,pull_request_created,2023-03-01 16:59:43,fstein93,merged
249,25831,cp2k,2023-02-28 16:46:00,pull_request_created,2023-03-01 12:17:57,juerghutter,merged
250,25831,cp2k,2023-02-28 16:46:00,pull_request_created,2023-02-28 16:22:51,juerghutter,merged
251,25831,cp2k,2023-02-28 16:46:00,pull_request_created,2023-02-28 14:51:20,oschuett,merged
252,25831,cp2k,2023-02-28 16:46:00,pull_request_created,2023-02-28 13:02:07,mkrack,merged
253,26069,Trilinos,2023-02-28 16:46:00,pull_request_created,2019-01-11 21:41:15,krcb,merged
254,25831,cp2k,2023-02-28 16:46:00,pull_request_created,2023-02-28 10:58:27,JWilhelm,merged
255,25831,cp2k,2023-02-28 16:46:00,pull_request_created,2023-02-28 10:01:43,glb96,merged
256,25831,cp2k,2023-02-28 16:46:00,pull_request_created,2023-02-28 09:59:31,oschuett,merged
257,25831,cp2k,2023-02-28 16:46:00,pull_request_created,2023-02-27 12:55:50,oschuett,merged
258,25831,cp2k,2023-02-28 16:46:00,pull_request_created,2023-02-27 11:29:42,mkrack,not merged
259,25978,NNDrone,2023-02-28 16:46:00,pull_request_created,2018-03-12 10:16:20,heshan007,merged
260,25831,cp2k,2023-02-28 16:46:00,pull_request_created,2023-02-26 01:46:46,e-kwsm,not merged
261,25831,cp2k,2023-02-28 16:46:00,pull_request_created,2023-02-25 15:27:44,JWilhelm,not merged
262,25952,yt,2023-02-28 16:46:00,pull_request_created,2022-12-10 18:16:24,neutrinoceros,merged
263,25831,cp2k,2023-02-28 16:46:00,pull_request_created,2023-02-24 21:44:46,juerghutter,merged
264,25831,cp2k,2023-02-28 16:46:00,pull_request_created,2023-02-24 18:05:21,mkrack,not merged
265,25831,cp2k,2023-02-28 16:46:00,pull_request_created,2023-02-24 13:54:10,mattiatj,merged
266,25831,cp2k,2023-02-28 16:46:00,pull_request_created,2023-02-24 13:20:41,juerghutter,merged
267,25952,yt,2023-02-28 16:46:00,pull_request_created,2022-12-08 10:50:42,neutrinoceros,merged
268,25952,yt,2023-02-28 16:46:00,pull_request_created,2022-12-08 10:22:29,neutrinoceros,merged
269,25952,yt,2023-02-28 16:46:00,pull_request_created,2022-12-05 21:03:41,meeseeksmachine,merged
270,25952,yt,2023-02-28 16:46:00,pull_request_created,2022-12-05 19:08:33,neutrinoceros,merged
271,25952,yt,2023-02-28 16:46:00,pull_request_created,2022-12-05 17:42:53,pre-commit-ci[bot],merged
272,25952,yt,2023-02-28 16:46:00,pull_request_created,2022-12-05 15:00:44,neutrinoceros,merged
273,25952,yt,2023-02-28 16:46:00,pull_request_created,2022-12-01 14:56:49,meeseeksmachine,merged
274,25952,yt,2023-02-28 16:46:00,pull_request_created,2022-11-30 19:40:13,jzuhone,merged
275,25952,yt,2023-02-28 16:46:00,pull_request_created,2022-11-28 18:02:56,pre-commit-ci[bot],merged
276,25952,yt,2023-02-28 16:46:00,pull_request_created,2022-11-27 17:22:51,neutrinoceros,merged
277,25831,cp2k,2023-02-28 16:46:00,pull_request_created,2023-02-24 10:41:26,juerghutter,merged
278,25952,yt,2023-02-28 16:46:00,pull_request_created,2022-11-24 14:15:16,neutrinoceros,merged
279,25952,yt,2023-02-28 16:46:00,pull_request_created,2022-11-24 13:20:38,neutrinoceros,merged
280,26069,Trilinos,2023-02-28 16:46:00,pull_request_created,2019-01-11 16:16:36,rppawlo,merged
281,25831,cp2k,2023-02-28 16:46:00,pull_request_created,2023-02-24 08:20:59,mkrack,merged
282,25831,cp2k,2023-02-28 16:46:00,pull_request_created,2023-02-24 07:37:20,glb96,merged
283,25952,yt,2023-02-28 16:46:00,pull_request_created,2022-11-21 17:38:27,pre-commit-ci[bot],merged
284,25952,yt,2023-02-28 16:46:00,pull_request_created,2022-11-18 21:15:25,meeseeksmachine,merged
285,25831,cp2k,2023-02-28 16:46:00,pull_request_created,2023-02-23 19:49:45,dependabot[bot],merged
286,25978,NNDrone,2023-02-28 16:46:00,pull_request_created,2018-03-08 12:18:14,konqr,merged
287,25831,cp2k,2023-02-28 16:46:00,pull_request_created,2023-02-22 14:04:56,mtaillefumier,merged
288,25831,cp2k,2023-02-28 16:46:00,pull_request_created,2023-02-22 11:39:00,oschuett,merged
289,25831,cp2k,2023-02-28 16:46:00,pull_request_created,2023-02-22 09:10:01,fstein93,merged
290,25952,yt,2023-02-28 16:46:00,pull_request_created,2022-11-18 16:37:11,neutrinoceros,merged
291,25831,cp2k,2023-02-28 16:46:00,pull_request_created,2023-02-20 10:39:08,oschuett,merged
292,25952,yt,2023-02-28 16:46:00,pull_request_created,2022-11-18 11:43:39,meeseeksmachine,merged
293,25831,cp2k,2023-02-28 16:46:00,pull_request_created,2023-02-20 09:05:38,mkrack,merged
294,25952,yt,2023-02-28 16:46:00,pull_request_created,2022-11-18 08:01:24,meeseeksmachine,merged
295,25831,cp2k,2023-02-28 16:46:00,pull_request_created,2023-02-17 10:32:02,oschuett,merged
296,25952,yt,2023-02-28 16:46:00,pull_request_created,2022-11-18 07:54:45,meeseeksmachine,merged
297,25831,cp2k,2023-02-28 16:46:00,pull_request_created,2023-02-16 18:21:16,fstein93,merged
298,25831,cp2k,2023-02-28 16:46:00,pull_request_created,2023-02-16 14:58:29,juerghutter,merged
299,25831,cp2k,2023-02-28 16:46:00,pull_request_created,2023-02-16 06:55:03,dependabot[bot],merged
300,25831,cp2k,2023-02-28 16:46:00,pull_request_created,2023-02-16 06:50:49,edditler,merged
301,25952,yt,2023-02-28 16:46:00,pull_request_created,2022-11-17 20:19:07,neutrinoceros,merged
302,25952,yt,2023-02-28 16:46:00,pull_request_created,2022-11-17 17:06:05,neutrinoceros,merged
303,25978,NNDrone,2023-02-28 16:46:00,pull_request_created,2018-02-25 18:34:32,BigBang0072,merged
304,25978,NNDrone,2023-02-28 16:46:00,pull_request_created,2018-01-12 15:48:28,kgizdov,merged
305,25831,cp2k,2023-02-28 16:46:00,pull_request_created,2023-02-15 19:25:02,oschuett,merged
306,25952,yt,2023-02-28 16:46:00,pull_request_created,2022-11-17 15:03:16,meeseeksmachine,merged
307,25952,yt,2023-02-28 16:46:00,pull_request_created,2022-11-16 20:31:39,jzuhone,merged
308,25952,yt,2023-02-28 16:46:00,pull_request_created,2022-11-16 09:53:21,neutrinoceros,merged
309,25952,yt,2023-02-28 16:46:00,pull_request_created,2022-11-14 17:40:58,pre-commit-ci[bot],merged
310,25831,cp2k,2023-02-28 16:46:00,pull_request_created,2023-02-14 13:58:51,mattiatj,merged
311,25831,cp2k,2023-02-28 16:46:00,pull_request_created,2023-02-13 20:47:55,oschuett,merged
312,25874,pegasus,2023-02-28 16:46:00,pull_request_created,2023-01-24 21:54:48,zaiyan-alam,merged
313,25831,cp2k,2023-02-28 16:46:00,pull_request_created,2023-02-13 09:21:24,mtaillefumier,merged
314,25831,cp2k,2023-02-28 16:46:00,pull_request_created,2023-02-09 17:26:48,marci73,merged
315,25831,cp2k,2023-02-28 16:46:00,pull_request_created,2023-02-09 17:02:42,mtaillefumier,merged
316,25952,yt,2023-02-28 16:46:00,pull_request_created,2022-11-12 22:20:50,neutrinoceros,merged
317,25952,yt,2023-02-28 16:46:00,pull_request_created,2022-11-11 22:29:25,meeseeksmachine,merged
318,25952,yt,2023-02-28 16:46:00,pull_request_created,2022-11-11 21:43:53,matthewturk,merged
319,25831,cp2k,2023-02-28 16:46:00,pull_request_created,2023-02-09 16:38:16,marci73,not merged
320,25952,yt,2023-02-28 16:46:00,pull_request_created,2022-11-11 16:04:22,neutrinoceros,merged
321,25952,yt,2023-02-28 16:46:00,pull_request_created,2022-11-07 23:00:41,meeseeksmachine,merged
322,25831,cp2k,2023-02-28 16:46:00,pull_request_created,2023-02-09 12:33:26,edditler,merged
323,25831,cp2k,2023-02-28 16:46:00,pull_request_created,2023-02-08 21:46:47,oschuett,merged
324,25831,cp2k,2023-02-28 16:46:00,pull_request_created,2023-02-07 21:00:02,glb96,merged
325,25831,cp2k,2023-02-28 16:46:00,pull_request_created,2023-02-07 20:54:20,oschuett,merged
326,25831,cp2k,2023-02-28 16:46:00,pull_request_created,2023-02-07 13:24:42,edditler,merged
327,25952,yt,2023-02-28 16:46:00,pull_request_created,2022-11-07 21:53:30,neutrinoceros,merged
328,25831,cp2k,2023-02-28 16:46:00,pull_request_created,2023-02-07 12:50:14,NoahZhao,not merged
329,25831,cp2k,2023-02-28 16:46:00,pull_request_created,2023-02-07 12:28:53,NoahZhao,not merged
330,25831,cp2k,2023-02-28 16:46:00,pull_request_created,2023-02-07 11:42:29,NoahZhao,not merged
331,25952,yt,2023-02-28 16:46:00,pull_request_created,2022-11-07 21:27:21,meeseeksmachine,merged
332,25952,yt,2023-02-28 16:46:00,pull_request_created,2022-11-07 18:48:41,jzuhone,merged
333,26090,fastjet,2023-02-28 16:46:00,pull_request_created,2022-12-16 00:33:39,chrispap95,merged
334,25831,cp2k,2023-02-28 16:46:00,pull_request_created,2023-02-07 11:24:22,NoahZhao,not merged
335,25831,cp2k,2023-02-28 16:46:00,pull_request_created,2023-02-06 21:38:26,oschuett,merged
336,25831,cp2k,2023-02-28 16:46:00,pull_request_created,2023-02-06 15:30:31,fstein93,merged
337,25831,cp2k,2023-02-28 16:46:00,pull_request_created,2023-02-03 11:57:12,oschuett,merged
338,25874,pegasus,2023-02-28 16:46:00,pull_request_created,2023-01-24 21:01:09,zaiyan-alam,merged
339,25831,cp2k,2023-02-28 16:46:00,pull_request_created,2023-02-03 11:46:26,mkrack,merged
340,25831,cp2k,2023-02-28 16:46:00,pull_request_created,2023-02-03 09:38:28,oschuett,merged
341,25831,cp2k,2023-02-28 16:46:00,pull_request_created,2023-02-02 10:57:59,glb96,not merged
342,25952,yt,2023-02-28 16:46:00,pull_request_created,2022-11-07 17:27:48,pre-commit-ci[bot],merged
343,25831,cp2k,2023-02-28 16:46:00,pull_request_created,2023-02-02 10:24:41,fstein93,merged
344,25831,cp2k,2023-02-28 16:46:00,pull_request_created,2023-02-02 09:47:09,bjoe2k4,merged
345,25831,cp2k,2023-02-28 16:46:00,pull_request_created,2023-02-02 09:40:41,rangsimanketkaew,not merged
346,25831,cp2k,2023-02-28 16:46:00,pull_request_created,2023-02-02 09:18:52,mkrack,merged
347,25831,cp2k,2023-02-28 16:46:00,pull_request_created,2023-02-01 13:49:12,glb96,merged
348,25831,cp2k,2023-02-28 16:46:00,pull_request_created,2023-02-01 13:31:25,rangsimanketkaew,merged
349,25831,cp2k,2023-02-28 16:46:00,pull_request_created,2023-02-01 10:30:37,mtaillefumier,merged
350,25831,cp2k,2023-02-28 16:46:00,pull_request_created,2023-02-01 09:04:51,oschuett,merged
351,25831,cp2k,2023-02-28 16:46:00,pull_request_created,2023-01-30 17:30:36,fstein93,merged
352,25952,yt,2023-02-28 16:46:00,pull_request_created,2022-11-02 11:32:21,cphyc,merged
353,25952,yt,2023-02-28 16:46:00,pull_request_created,2022-11-01 19:24:08,neutrinoceros,merged
354,25952,yt,2023-02-28 16:46:00,pull_request_created,2022-10-31 17:42:53,pre-commit-ci[bot],merged
355,25952,yt,2023-02-28 16:46:00,pull_request_created,2022-10-27 08:13:56,meeseeksmachine,merged
356,25831,cp2k,2023-02-28 16:46:00,pull_request_created,2023-01-30 16:31:18,oschuett,merged
357,25831,cp2k,2023-02-28 16:46:00,pull_request_created,2023-01-30 14:51:31,mattiatj,merged
358,25831,cp2k,2023-02-28 16:46:00,pull_request_created,2023-01-30 10:05:04,oschuett,merged
359,25831,cp2k,2023-02-28 16:46:00,pull_request_created,2023-01-29 20:20:00,oschuett,merged
360,25831,cp2k,2023-02-28 16:46:00,pull_request_created,2023-01-29 10:41:21,oschuett,merged
361,25831,cp2k,2023-02-28 16:46:00,pull_request_created,2023-01-27 20:56:34,oschuett,merged
362,25952,yt,2023-02-28 16:46:00,pull_request_created,2022-10-26 13:56:48,neutrinoceros,merged
363,25831,cp2k,2023-02-28 16:46:00,pull_request_created,2023-01-26 12:18:50,mattiatj,merged
364,25831,cp2k,2023-02-28 16:46:00,pull_request_created,2023-01-25 09:34:16,mkrack,merged
365,25831,cp2k,2023-02-28 16:46:00,pull_request_created,2023-01-23 18:27:52,gabriele16,merged
366,25831,cp2k,2023-02-28 16:46:00,pull_request_created,2023-01-23 17:36:09,gabriele16,not merged
367,25831,cp2k,2023-02-28 16:46:00,pull_request_created,2023-01-23 12:54:11,glb96,not merged
368,25831,cp2k,2023-02-28 16:46:00,pull_request_created,2023-01-23 12:21:18,mkrack,merged
369,25831,cp2k,2023-02-28 16:46:00,pull_request_created,2023-01-22 23:00:29,oschuett,merged
370,25952,yt,2023-02-28 16:46:00,pull_request_created,2022-10-25 14:56:25,neutrinoceros,merged
371,25831,cp2k,2023-02-28 16:46:00,pull_request_created,2023-01-22 16:52:10,oschuett,merged
372,25952,yt,2023-02-28 16:46:00,pull_request_created,2022-10-25 10:01:29,meeseeksmachine,merged
373,25831,cp2k,2023-02-28 16:46:00,pull_request_created,2023-01-22 14:27:48,oschuett,merged
374,25831,cp2k,2023-02-28 16:46:00,pull_request_created,2023-01-20 14:47:52,mtaillefumier,merged
375,25831,cp2k,2023-02-28 16:46:00,pull_request_created,2023-01-19 15:19:15,fstein93,merged
376,25831,cp2k,2023-02-28 16:46:00,pull_request_created,2023-01-19 14:09:18,fstein93,merged
377,25831,cp2k,2023-02-28 16:46:00,pull_request_created,2023-01-18 10:47:50,fstein93,merged
378,25831,cp2k,2023-02-28 16:46:00,pull_request_created,2023-01-18 10:45:14,fstein93,merged
379,25831,cp2k,2023-02-28 16:46:00,pull_request_created,2023-01-17 13:25:02,mtaillefumier,merged
380,25831,cp2k,2023-02-28 16:46:00,pull_request_created,2023-01-17 12:39:36,mkrack,merged
381,25831,cp2k,2023-02-28 16:46:00,pull_request_created,2023-01-16 21:03:58,oschuett,merged
382,25952,yt,2023-02-28 16:46:00,pull_request_created,2022-10-25 09:16:07,neutrinoceros,merged
383,25952,yt,2023-02-28 16:46:00,pull_request_created,2022-10-24 17:31:40,pre-commit-ci[bot],merged
384,25952,yt,2023-02-28 16:46:00,pull_request_created,2022-10-23 14:34:31,neutrinoceros,merged
385,25952,yt,2023-02-28 16:46:00,pull_request_created,2022-10-22 17:59:59,neutrinoceros,merged
386,25952,yt,2023-02-28 16:46:00,pull_request_created,2022-10-22 11:38:34,neutrinoceros,not merged
387,25952,yt,2023-02-28 16:46:00,pull_request_created,2022-10-22 07:52:23,neutrinoceros,merged
388,25952,yt,2023-02-28 16:46:00,pull_request_created,2022-10-21 12:35:31,neutrinoceros,merged
389,25952,yt,2023-02-28 16:46:00,pull_request_created,2022-10-21 11:47:51,neutrinoceros,merged
390,25952,yt,2023-02-28 16:46:00,pull_request_created,2022-10-19 21:15:20,mtryan83,merged
391,25952,yt,2023-02-28 16:46:00,pull_request_created,2022-10-17 17:36:54,pre-commit-ci[bot],merged
392,25952,yt,2023-02-28 16:46:00,pull_request_created,2022-10-15 12:54:43,neutrinoceros,merged
393,25952,yt,2023-02-28 16:46:00,pull_request_created,2022-10-14 22:37:38,chrishavlin,not merged
394,25952,yt,2023-02-28 16:46:00,pull_request_created,2022-10-13 16:08:37,meeseeksmachine,merged
395,25952,yt,2023-02-28 16:46:00,pull_request_created,2022-10-13 14:40:11,meeseeksmachine,merged
396,25952,yt,2023-02-28 16:46:00,pull_request_created,2022-10-13 11:34:21,meeseeksmachine,merged
397,25952,yt,2023-02-28 16:46:00,pull_request_created,2022-10-12 20:37:17,meeseeksmachine,merged
398,25952,yt,2023-02-28 16:46:00,pull_request_created,2022-10-12 20:15:01,cphyc,merged
399,25952,yt,2023-02-28 16:46:00,pull_request_created,2022-10-11 15:16:04,neutrinoceros,merged
400,25952,yt,2023-02-28 16:46:00,pull_request_created,2022-10-10 17:44:11,pre-commit-ci[bot],merged
401,25831,cp2k,2023-02-28 16:46:00,pull_request_created,2023-01-16 16:55:18,glb96,merged
402,25831,cp2k,2023-02-28 16:46:00,pull_request_created,2023-01-16 16:07:34,glb96,not merged
403,25831,cp2k,2023-02-28 16:46:00,pull_request_created,2023-01-16 11:01:10,fstein93,merged
404,25952,yt,2023-02-28 16:46:00,pull_request_created,2022-10-10 14:42:31,neutrinoceros,merged
405,25831,cp2k,2023-02-28 16:46:00,pull_request_created,2023-01-16 10:45:12,juerghutter,merged
406,25952,yt,2023-02-28 16:46:00,pull_request_created,2022-10-10 11:32:51,meeseeksmachine,merged
407,25831,cp2k,2023-02-28 16:46:00,pull_request_created,2023-01-16 10:25:36,glb96,merged
408,25831,cp2k,2023-02-28 16:46:00,pull_request_created,2023-01-16 09:55:59,oschuett,merged
409,25831,cp2k,2023-02-28 16:46:00,pull_request_created,2023-01-12 15:51:02,mkrack,merged
410,25952,yt,2023-02-28 16:46:00,pull_request_created,2022-10-10 10:13:00,meeseeksmachine,merged
411,25952,yt,2023-02-28 16:46:00,pull_request_created,2022-10-10 09:27:26,cphyc,merged
412,25831,cp2k,2023-02-28 16:46:00,pull_request_created,2023-01-11 13:02:47,mkrack,merged
413,25952,yt,2023-02-28 16:46:00,pull_request_created,2022-10-08 11:54:48,neutrinoceros,merged
414,25952,yt,2023-02-28 16:46:00,pull_request_created,2022-10-06 16:38:13,matthewturk,merged
415,25831,cp2k,2023-02-28 16:46:00,pull_request_created,2023-01-11 11:06:00,abussy,merged
416,25952,yt,2023-02-28 16:46:00,pull_request_created,2022-10-06 16:32:59,matthewturk,merged
417,25952,yt,2023-02-28 16:46:00,pull_request_created,2022-10-04 10:10:06,neutrinoceros,merged
418,25952,yt,2023-02-28 16:46:00,pull_request_created,2022-10-04 05:12:58,geoyuqiu,merged
419,25952,yt,2023-02-28 16:46:00,pull_request_created,2022-10-03 21:51:16,jzuhone,merged
420,25952,yt,2023-02-28 16:46:00,pull_request_created,2022-10-03 17:29:52,pre-commit-ci[bot],merged
421,25952,yt,2023-02-28 16:46:00,pull_request_created,2022-10-02 13:13:18,neutrinoceros,merged
422,26069,Trilinos,2023-02-28 16:46:00,pull_request_created,2019-01-11 09:06:18,trilinos-autotester,merged
423,25952,yt,2023-02-28 16:46:00,pull_request_created,2022-09-30 17:53:26,matthewturk,merged
424,25952,yt,2023-02-28 16:46:00,pull_request_created,2022-09-26 17:34:43,pre-commit-ci[bot],merged
425,25831,cp2k,2023-02-28 16:46:00,pull_request_created,2023-01-11 09:57:08,fstein93,merged
426,25952,yt,2023-02-28 16:46:00,pull_request_created,2022-09-24 21:36:25,mtryan83,merged
427,25952,yt,2023-02-28 16:46:00,pull_request_created,2022-09-24 08:16:58,neutrinoceros,merged
428,25831,cp2k,2023-02-28 16:46:00,pull_request_created,2023-01-09 14:52:49,mkrack,merged
429,25952,yt,2023-02-28 16:46:00,pull_request_created,2022-09-22 19:41:52,neutrinoceros,merged
430,25952,yt,2023-02-28 16:46:00,pull_request_created,2022-09-22 19:38:03,neutrinoceros,merged
431,25863,sampledata,2023-02-28 16:46:00,pull_request_created,2016-01-22 15:32:08,selimnairb,merged
432,26069,Trilinos,2023-02-28 16:46:00,pull_request_created,2019-01-11 00:14:09,ccober6,merged
433,25952,yt,2023-02-28 16:46:00,pull_request_created,2022-09-22 12:11:42,neutrinoceros,merged
434,25952,yt,2023-02-28 16:46:00,pull_request_created,2022-09-21 16:57:12,neutrinoceros,merged
435,25952,yt,2023-02-28 16:46:00,pull_request_created,2022-09-19 17:36:58,pre-commit-ci[bot],merged
436,25952,yt,2023-02-28 16:46:00,pull_request_created,2022-09-17 13:51:46,matthewturk,not merged
437,25952,yt,2023-02-28 16:46:00,pull_request_created,2022-09-16 06:33:53,neutrinoceros,merged
438,25952,yt,2023-02-28 16:46:00,pull_request_created,2022-09-15 16:04:21,neutrinoceros,merged
439,25831,cp2k,2023-02-28 16:46:00,pull_request_created,2023-01-08 15:26:14,JWilhelm,merged
440,25831,cp2k,2023-02-28 16:46:00,pull_request_created,2023-01-07 13:00:51,JWilhelm,merged
441,25831,cp2k,2023-02-28 16:46:00,pull_request_created,2023-01-05 16:10:57,juerghutter,merged
442,25831,cp2k,2023-02-28 16:46:00,pull_request_created,2023-01-05 13:31:13,fstein93,merged
443,25899,resample,2023-02-28 16:46:00,pull_request_created,2022-02-11 13:19:02,HDembinski,merged
444,25952,yt,2023-02-28 16:46:00,pull_request_created,2022-09-15 14:27:46,cphyc,not merged
445,25952,yt,2023-02-28 16:46:00,pull_request_created,2022-09-15 08:45:22,neutrinoceros,not merged
446,25952,yt,2023-02-28 16:46:00,pull_request_created,2022-09-14 17:17:01,neutrinoceros,merged
447,25831,cp2k,2023-02-28 16:46:00,pull_request_created,2023-01-05 12:13:52,fstein93,merged
448,25952,yt,2023-02-28 16:46:00,pull_request_created,2022-09-14 15:44:30,neutrinoceros,merged
449,25952,yt,2023-02-28 16:46:00,pull_request_created,2022-09-14 12:41:17,neutrinoceros,merged
450,25952,yt,2023-02-28 16:46:00,pull_request_created,2022-09-13 20:35:56,neutrinoceros,merged
451,25952,yt,2023-02-28 16:46:00,pull_request_created,2022-09-13 18:13:35,neutrinoceros,not merged
452,25952,yt,2023-02-28 16:46:00,pull_request_created,2022-09-13 14:09:39,neutrinoceros,merged
453,25952,yt,2023-02-28 16:46:00,pull_request_created,2022-09-12 18:18:04,jzuhone,merged
454,25952,yt,2023-02-28 16:46:00,pull_request_created,2022-09-12 16:16:58,neutrinoceros,merged
455,25952,yt,2023-02-28 16:46:00,pull_request_created,2022-09-10 19:56:23,neutrinoceros,not merged
456,25952,yt,2023-02-28 16:46:00,pull_request_created,2022-09-10 15:35:04,neutrinoceros,merged
457,25952,yt,2023-02-28 16:46:00,pull_request_created,2022-09-10 13:43:02,neutrinoceros,merged
458,25952,yt,2023-02-28 16:46:00,pull_request_created,2022-09-10 08:50:21,neutrinoceros,merged
459,25952,yt,2023-02-28 16:46:00,pull_request_created,2022-09-07 02:20:18,dpgrote,merged
460,25952,yt,2023-02-28 16:46:00,pull_request_created,2022-09-05 17:37:46,pre-commit-ci[bot],merged
461,25863,sampledata,2023-02-28 16:46:00,pull_request_created,2015-11-20 22:15:22,selimnairb,merged
462,25952,yt,2023-02-28 16:46:00,pull_request_created,2022-09-04 08:06:08,neutrinoceros,merged
463,25952,yt,2023-02-28 16:46:00,pull_request_created,2022-09-03 12:12:36,neutrinoceros,merged
464,25952,yt,2023-02-28 16:46:00,pull_request_created,2022-09-03 12:09:36,neutrinoceros,merged
465,25952,yt,2023-02-28 16:46:00,pull_request_created,2022-09-03 07:18:46,neutrinoceros,not merged
466,25952,yt,2023-02-28 16:46:00,pull_request_created,2022-09-02 15:20:23,neutrinoceros,merged
467,25952,yt,2023-02-28 16:46:00,pull_request_created,2022-09-02 07:50:03,neutrinoceros,merged
468,25952,yt,2023-02-28 16:46:00,pull_request_created,2022-08-29 19:38:27,neutrinoceros,merged
469,25952,yt,2023-02-28 16:46:00,pull_request_created,2022-08-26 14:46:17,mabruzzo,merged
470,25952,yt,2023-02-28 16:46:00,pull_request_created,2022-08-26 06:57:57,chummels,merged
471,25952,yt,2023-02-28 16:46:00,pull_request_created,2022-08-25 17:18:04,mabruzzo,merged
472,25952,yt,2023-02-28 16:46:00,pull_request_created,2022-08-23 17:01:45,neutrinoceros,merged
473,25952,yt,2023-02-28 16:46:00,pull_request_created,2022-08-22 19:03:49,neutrinoceros,merged
474,25952,yt,2023-02-28 16:46:00,pull_request_created,2022-08-22 18:07:29,neutrinoceros,merged
475,25952,yt,2023-02-28 16:46:00,pull_request_created,2022-08-22 13:37:58,brittonsmith,merged
476,25952,yt,2023-02-28 16:46:00,pull_request_created,2022-08-21 02:41:03,chummels,merged
477,25952,yt,2023-02-28 16:46:00,pull_request_created,2022-08-20 08:40:53,neutrinoceros,merged
478,26021,IrodsShare,2023-02-28 16:46:00,pull_request_created,2015-04-13 14:11:52,dmcgua01,not merged
479,25831,cp2k,2023-02-28 16:46:00,pull_request_created,2023-01-04 14:12:13,juerghutter,merged
480,25952,yt,2023-02-28 16:46:00,pull_request_created,2022-08-17 19:43:53,neutrinoceros,merged
481,25952,yt,2023-02-28 16:46:00,pull_request_created,2022-08-17 05:05:31,mameehan5,not merged
482,25952,yt,2023-02-28 16:46:00,pull_request_created,2022-08-16 22:29:16,mameehan5,not merged
483,25952,yt,2023-02-28 16:46:00,pull_request_created,2022-08-15 10:23:36,neutrinoceros,merged
484,25952,yt,2023-02-28 16:46:00,pull_request_created,2022-08-14 09:16:58,neutrinoceros,merged
485,25952,yt,2023-02-28 16:46:00,pull_request_created,2022-08-14 02:13:36,yipihey,merged
486,25952,yt,2023-02-28 16:46:00,pull_request_created,2022-08-12 13:31:32,neutrinoceros,merged
487,25952,yt,2023-02-28 16:46:00,pull_request_created,2022-08-12 13:30:30,jzuhone,merged
488,26069,Trilinos,2023-02-28 16:46:00,pull_request_created,2019-01-10 23:49:55,lucbv,merged
489,25952,yt,2023-02-28 16:46:00,pull_request_created,2022-08-12 05:43:37,neutrinoceros,merged
490,25952,yt,2023-02-28 16:46:00,pull_request_created,2022-08-11 20:14:58,neutrinoceros,not merged
491,25952,yt,2023-02-28 16:46:00,pull_request_created,2022-08-11 00:23:28,yipihey,merged
492,25952,yt,2023-02-28 16:46:00,pull_request_created,2022-08-10 05:15:45,koarakawaii,merged
493,25952,yt,2023-02-28 16:46:00,pull_request_created,2022-08-09 21:02:30,matthewturk,not merged
494,25952,yt,2023-02-28 16:46:00,pull_request_created,2022-08-09 15:18:42,yipihey,not merged
495,25991,hydroshare,2023-02-28 16:46:00,pull_request_created,2022-07-05 20:23:47,pkdash,merged
496,25952,yt,2023-02-28 16:46:00,pull_request_created,2022-08-08 18:22:20,neutrinoceros,merged
497,25952,yt,2023-02-28 16:46:00,pull_request_created,2022-08-08 17:18:39,chrishavlin,merged
498,25952,yt,2023-02-28 16:46:00,pull_request_created,2022-08-08 12:38:36,cphyc,merged
499,25952,yt,2023-02-28 16:46:00,pull_request_created,2022-08-07 12:53:03,neutrinoceros,not merged
500,25952,yt,2023-02-28 16:46:00,pull_request_created,2022-08-07 10:59:56,neutrinoceros,not merged
501,25952,yt,2023-02-28 16:46:00,pull_request_created,2022-08-06 16:34:40,neutrinoceros,not merged
502,25952,yt,2023-02-28 16:46:00,pull_request_created,2022-08-06 15:30:56,neutrinoceros,merged
503,25952,yt,2023-02-28 16:46:00,pull_request_created,2022-08-06 11:00:34,matthewturk,merged
504,25952,yt,2023-02-28 16:46:00,pull_request_created,2022-08-05 06:32:16,neutrinoceros,merged
505,25952,yt,2023-02-28 16:46:00,pull_request_created,2022-08-04 16:25:56,jzuhone,merged
506,25952,yt,2023-02-28 16:46:00,pull_request_created,2022-08-02 22:15:33,chrishavlin,merged
507,25952,yt,2023-02-28 16:46:00,pull_request_created,2022-08-02 20:34:43,neutrinoceros,not merged
508,25952,yt,2023-02-28 16:46:00,pull_request_created,2022-08-02 09:36:52,neutrinoceros,merged
509,25952,yt,2023-02-28 16:46:00,pull_request_created,2022-08-01 17:37:24,pre-commit-ci[bot],not merged
510,25952,yt,2023-02-28 16:46:00,pull_request_created,2022-07-31 11:29:16,neutrinoceros,not merged
511,25952,yt,2023-02-28 16:46:00,pull_request_created,2022-07-30 20:56:20,jzuhone,merged
512,25952,yt,2023-02-28 16:46:00,pull_request_created,2022-07-30 13:09:42,jzuhone,merged
513,25952,yt,2023-02-28 16:46:00,pull_request_created,2022-07-29 22:38:43,chrishavlin,merged
514,25952,yt,2023-02-28 16:46:00,pull_request_created,2022-07-28 17:47:31,neutrinoceros,merged
515,25834,yt_astro_analysis,2023-02-28 16:46:00,pull_request_created,2018-10-16 22:32:43,brittonsmith,merged
516,25952,yt,2023-02-28 16:46:00,pull_request_created,2022-07-27 15:57:17,BolunThompson,merged
517,25952,yt,2023-02-28 16:46:00,pull_request_created,2022-07-27 14:28:12,neutrinoceros,merged
518,25952,yt,2023-02-28 16:46:00,pull_request_created,2022-07-25 15:58:08,jzuhone,merged
519,25952,yt,2023-02-28 16:46:00,pull_request_created,2022-07-24 16:23:22,neutrinoceros,merged
520,25952,yt,2023-02-28 16:46:00,pull_request_created,2022-07-22 20:08:33,talizacks,not merged
521,25952,yt,2023-02-28 16:46:00,pull_request_created,2022-07-21 12:02:53,neutrinoceros,not merged
522,25952,yt,2023-02-28 16:46:00,pull_request_created,2022-07-20 12:29:34,neutrinoceros,merged
523,25952,yt,2023-02-28 16:46:00,pull_request_created,2022-07-20 08:42:27,neutrinoceros,merged
524,25952,yt,2023-02-28 16:46:00,pull_request_created,2022-07-18 17:12:56,pre-commit-ci[bot],merged
525,26069,Trilinos,2023-02-28 16:46:00,pull_request_created,2019-01-10 22:00:05,kliegeois,merged
526,25952,yt,2023-02-28 16:46:00,pull_request_created,2022-07-16 16:54:38,neutrinoceros,merged
527,25952,yt,2023-02-28 16:46:00,pull_request_created,2022-07-15 07:20:54,neutrinoceros,not merged
528,25952,yt,2023-02-28 16:46:00,pull_request_created,2022-07-14 16:41:34,neutrinoceros,merged
529,25831,cp2k,2023-02-28 16:46:00,pull_request_created,2023-01-04 09:05:53,fstein93,merged
530,25952,yt,2023-02-28 16:46:00,pull_request_created,2022-07-14 11:22:21,neutrinoceros,merged
531,25952,yt,2023-02-28 16:46:00,pull_request_created,2022-07-14 10:01:09,neutrinoceros,merged
532,25952,yt,2023-02-28 16:46:00,pull_request_created,2022-07-13 19:17:14,neutrinoceros,merged
533,25952,yt,2023-02-28 16:46:00,pull_request_created,2022-07-13 17:59:00,neutrinoceros,not merged
534,25831,cp2k,2023-02-28 16:46:00,pull_request_created,2023-01-01 12:11:39,oschuett,merged
535,25831,cp2k,2023-02-28 16:46:00,pull_request_created,2023-01-01 11:04:40,oschuett,merged
536,25952,yt,2023-02-28 16:46:00,pull_request_created,2022-07-13 09:08:04,neutrinoceros,not merged
537,25952,yt,2023-02-28 16:46:00,pull_request_created,2022-07-12 20:58:52,chrishavlin,merged
538,25952,yt,2023-02-28 16:46:00,pull_request_created,2022-07-12 15:00:15,neutrinoceros,merged
539,25952,yt,2023-02-28 16:46:00,pull_request_created,2022-07-11 17:19:33,pre-commit-ci[bot],merged
540,25831,cp2k,2023-02-28 16:46:00,pull_request_created,2022-12-27 21:17:55,alazzaro,merged
541,25831,cp2k,2023-02-28 16:46:00,pull_request_created,2022-12-26 15:26:53,oschuett,merged
542,25952,yt,2023-02-28 16:46:00,pull_request_created,2022-07-11 07:21:03,neutrinoceros,merged
543,25952,yt,2023-02-28 16:46:00,pull_request_created,2022-07-08 20:19:56,matthewturk,merged
544,25952,yt,2023-02-28 16:46:00,pull_request_created,2022-07-08 19:24:07,matthewturk,merged
545,25952,yt,2023-02-28 16:46:00,pull_request_created,2022-07-07 10:24:50,neutrinoceros,merged
546,25831,cp2k,2023-02-28 16:46:00,pull_request_created,2022-12-26 14:48:58,oschuett,merged
547,25952,yt,2023-02-28 16:46:00,pull_request_created,2022-07-07 10:03:08,neutrinoceros,merged
548,25952,yt,2023-02-28 16:46:00,pull_request_created,2022-07-06 13:15:22,neutrinoceros,merged
549,25952,yt,2023-02-28 16:46:00,pull_request_created,2022-07-05 17:25:21,jwise77,merged
550,25952,yt,2023-02-28 16:46:00,pull_request_created,2022-07-05 16:23:55,neutrinoceros,merged
551,25952,yt,2023-02-28 16:46:00,pull_request_created,2022-07-05 15:40:50,neutrinoceros,merged
552,25952,yt,2023-02-28 16:46:00,pull_request_created,2022-07-05 14:39:03,neutrinoceros,merged
553,25831,cp2k,2023-02-28 16:46:00,pull_request_created,2022-12-26 13:19:20,oschuett,merged
554,25952,yt,2023-02-28 16:46:00,pull_request_created,2022-07-04 17:28:05,pre-commit-ci[bot],merged
555,25952,yt,2023-02-28 16:46:00,pull_request_created,2022-06-29 16:33:20,jzuhone,merged
556,25938,histoprint,2023-02-28 16:46:00,pull_request_created,2020-05-22 18:05:07,ast0815,merged
557,25831,cp2k,2023-02-28 16:46:00,pull_request_created,2022-12-26 10:25:39,oschuett,merged
558,25952,yt,2023-02-28 16:46:00,pull_request_created,2022-06-27 21:44:07,chrishavlin,merged
559,25952,yt,2023-02-28 16:46:00,pull_request_created,2022-06-24 04:21:34,jzuhone,merged
560,25952,yt,2023-02-28 16:46:00,pull_request_created,2022-06-22 22:53:20,chrishavlin,merged
561,25952,yt,2023-02-28 16:46:00,pull_request_created,2022-06-22 21:13:54,chrishavlin,merged
562,25952,yt,2023-02-28 16:46:00,pull_request_created,2022-06-22 20:53:51,chrishavlin,merged
563,25952,yt,2023-02-28 16:46:00,pull_request_created,2022-06-13 17:25:15,pre-commit-ci[bot],merged
564,25952,yt,2023-02-28 16:46:00,pull_request_created,2022-06-13 15:30:17,brittonsmith,merged
565,25831,cp2k,2023-02-28 16:46:00,pull_request_created,2022-12-25 19:15:54,oschuett,merged
566,25831,cp2k,2023-02-28 16:46:00,pull_request_created,2022-12-23 11:31:16,juerghutter,merged
567,25952,yt,2023-02-28 16:46:00,pull_request_created,2022-06-12 14:18:20,neutrinoceros,merged
568,25831,cp2k,2023-02-28 16:46:00,pull_request_created,2022-12-23 08:43:28,abussy,merged
569,25952,yt,2023-02-28 16:46:00,pull_request_created,2022-06-11 20:03:07,neutrinoceros,merged
570,25952,yt,2023-02-28 16:46:00,pull_request_created,2022-06-09 09:20:58,neutrinoceros,merged
571,25952,yt,2023-02-28 16:46:00,pull_request_created,2022-06-08 21:30:09,neutrinoceros,merged
572,25952,yt,2023-02-28 16:46:00,pull_request_created,2022-06-08 15:27:50,chrishavlin,merged
573,25952,yt,2023-02-28 16:46:00,pull_request_created,2022-06-07 22:07:50,neutrinoceros,merged
574,25952,yt,2023-02-28 16:46:00,pull_request_created,2022-06-07 17:52:07,neutrinoceros,not merged
575,25952,yt,2023-02-28 16:46:00,pull_request_created,2022-06-04 12:04:24,neutrinoceros,merged
576,25952,yt,2023-02-28 16:46:00,pull_request_created,2022-06-03 13:23:08,neutrinoceros,merged
577,25952,yt,2023-02-28 16:46:00,pull_request_created,2022-06-01 15:02:42,neutrinoceros,merged
578,25952,yt,2023-02-28 16:46:00,pull_request_created,2022-05-30 15:35:17,neutrinoceros,merged
579,25952,yt,2023-02-28 16:46:00,pull_request_created,2022-05-29 08:44:07,neutrinoceros,merged
580,25831,cp2k,2023-02-28 16:46:00,pull_request_created,2022-12-22 16:38:48,abussy,merged
581,25952,yt,2023-02-28 16:46:00,pull_request_created,2022-05-28 11:24:13,neutrinoceros,merged
582,25952,yt,2023-02-28 16:46:00,pull_request_created,2022-05-27 21:05:06,neutrinoceros,not merged
583,25874,pegasus,2023-02-28 16:46:00,pull_request_created,2023-01-24 20:27:14,zaiyan-alam,merged
584,25831,cp2k,2023-02-28 16:46:00,pull_request_created,2022-12-22 15:27:50,juerghutter,merged
585,25952,yt,2023-02-28 16:46:00,pull_request_created,2022-05-27 14:38:56,matthewturk,merged
586,25952,yt,2023-02-28 16:46:00,pull_request_created,2022-05-26 14:06:03,neutrinoceros,merged
587,25831,cp2k,2023-02-28 16:46:00,pull_request_created,2022-12-22 11:17:13,abussy,merged
588,25952,yt,2023-02-28 16:46:00,pull_request_created,2022-05-26 13:38:41,neutrinoceros,merged
589,25952,yt,2023-02-28 16:46:00,pull_request_created,2022-05-25 17:06:43,rjfarber,merged
590,25952,yt,2023-02-28 16:46:00,pull_request_created,2022-05-25 13:41:18,neutrinoceros,merged
591,25952,yt,2023-02-28 16:46:00,pull_request_created,2022-05-25 09:22:07,neutrinoceros,merged
592,25952,yt,2023-02-28 16:46:00,pull_request_created,2022-05-24 20:39:39,neutrinoceros,not merged
593,25952,yt,2023-02-28 16:46:00,pull_request_created,2022-05-21 08:26:48,neutrinoceros,merged
594,25952,yt,2023-02-28 16:46:00,pull_request_created,2022-05-20 16:19:39,neutrinoceros,merged
595,25952,yt,2023-02-28 16:46:00,pull_request_created,2022-05-19 20:30:35,neutrinoceros,merged
596,25952,yt,2023-02-28 16:46:00,pull_request_created,2022-05-17 20:56:08,neutrinoceros,merged
597,25952,yt,2023-02-28 16:46:00,pull_request_created,2022-05-17 19:25:30,neutrinoceros,merged
598,25952,yt,2023-02-28 16:46:00,pull_request_created,2022-05-17 15:01:16,Xarthisius,merged
599,25952,yt,2023-02-28 16:46:00,pull_request_created,2022-05-17 11:53:19,neutrinoceros,merged
600,25952,yt,2023-02-28 16:46:00,pull_request_created,2022-05-17 00:35:15,tracykteal,merged
601,25952,yt,2023-02-28 16:46:00,pull_request_created,2022-05-15 08:41:23,neutrinoceros,merged
602,25952,yt,2023-02-28 16:46:00,pull_request_created,2022-05-13 13:20:23,neutrinoceros,not merged
603,25952,yt,2023-02-28 16:46:00,pull_request_created,2022-05-11 10:42:51,neutrinoceros,merged
604,25952,yt,2023-02-28 16:46:00,pull_request_created,2022-05-11 10:08:19,neutrinoceros,merged
605,26090,fastjet,2023-02-28 16:46:00,pull_request_created,2022-11-07 18:39:33,lgray,merged
606,25952,yt,2023-02-28 16:46:00,pull_request_created,2022-05-11 09:16:30,neutrinoceros,merged
607,25952,yt,2023-02-28 16:46:00,pull_request_created,2022-05-10 09:41:56,neutrinoceros,merged
608,25952,yt,2023-02-28 16:46:00,pull_request_created,2022-05-09 17:06:42,pre-commit-ci[bot],merged
609,25952,yt,2023-02-28 16:46:00,pull_request_created,2022-05-09 11:33:47,brittonsmith,merged
610,25952,yt,2023-02-28 16:46:00,pull_request_created,2022-05-06 14:01:10,neutrinoceros,merged
611,25952,yt,2023-02-28 16:46:00,pull_request_created,2022-05-06 08:40:36,neutrinoceros,merged
612,25952,yt,2023-02-28 16:46:00,pull_request_created,2022-04-27 09:37:47,neutrinoceros,merged
613,25952,yt,2023-02-28 16:46:00,pull_request_created,2022-04-23 14:46:59,neutrinoceros,not merged
614,25952,yt,2023-02-28 16:46:00,pull_request_created,2022-04-22 15:00:18,neutrinoceros,not merged
615,25831,cp2k,2023-02-28 16:46:00,pull_request_created,2022-12-21 16:47:23,mkrack,merged
616,25831,cp2k,2023-02-28 16:46:00,pull_request_created,2022-12-21 16:27:17,oschuett,merged
617,25831,cp2k,2023-02-28 16:46:00,pull_request_created,2022-12-21 14:16:16,mkrack,merged
618,25831,cp2k,2023-02-28 16:46:00,pull_request_created,2022-12-21 10:42:47,mkrack,merged
619,25831,cp2k,2023-02-28 16:46:00,pull_request_created,2022-12-21 08:59:27,mkrack,merged
620,25831,cp2k,2023-02-28 16:46:00,pull_request_created,2022-12-20 13:27:40,hforbert,merged
621,25831,cp2k,2023-02-28 16:46:00,pull_request_created,2022-12-20 10:46:46,abussy,merged
622,25831,cp2k,2023-02-28 16:46:00,pull_request_created,2022-12-20 07:49:34,RMeli,not merged
623,25952,yt,2023-02-28 16:46:00,pull_request_created,2022-04-20 07:03:24,neutrinoceros,not merged
624,25952,yt,2023-02-28 16:46:00,pull_request_created,2022-04-19 21:16:01,neutrinoceros,merged
625,25831,cp2k,2023-02-28 16:46:00,pull_request_created,2022-12-19 08:57:48,mtaillefumier,merged
626,25831,cp2k,2023-02-28 16:46:00,pull_request_created,2022-12-16 14:42:55,mkrack,merged
627,25831,cp2k,2023-02-28 16:46:00,pull_request_created,2022-12-15 16:27:47,mkrack,merged
628,25952,yt,2023-02-28 16:46:00,pull_request_created,2022-04-19 11:47:25,neutrinoceros,merged
629,25831,cp2k,2023-02-28 16:46:00,pull_request_created,2022-12-15 15:10:53,mkrack,merged
630,25831,cp2k,2023-02-28 16:46:00,pull_request_created,2022-12-14 14:57:58,mkrack,merged
631,25831,cp2k,2023-02-28 16:46:00,pull_request_created,2022-12-14 14:00:56,fstein93,merged
632,25831,cp2k,2023-02-28 16:46:00,pull_request_created,2022-12-13 15:03:40,mkrack,merged
633,25831,cp2k,2023-02-28 16:46:00,pull_request_created,2022-12-13 13:01:48,mkrack,merged
634,25831,cp2k,2023-02-28 16:46:00,pull_request_created,2022-12-13 11:53:12,mkrack,merged
635,25831,cp2k,2023-02-28 16:46:00,pull_request_created,2022-12-12 16:52:56,fstein93,merged
636,25831,cp2k,2023-02-28 16:46:00,pull_request_created,2022-12-12 14:47:45,fstein93,merged
637,25952,yt,2023-02-28 16:46:00,pull_request_created,2022-04-15 14:23:51,matthewturk,merged
638,25831,cp2k,2023-02-28 16:46:00,pull_request_created,2022-12-12 14:36:39,oschuett,merged
639,25952,yt,2023-02-28 16:46:00,pull_request_created,2022-04-14 13:50:12,meeseeksmachine,merged
640,25952,yt,2023-02-28 16:46:00,pull_request_created,2022-04-13 18:45:35,neutrinoceros,merged
641,25952,yt,2023-02-28 16:46:00,pull_request_created,2022-04-13 18:04:57,meeseeksmachine,merged
642,25952,yt,2023-02-28 16:46:00,pull_request_created,2022-04-11 17:17:20,pre-commit-ci[bot],merged
643,25831,cp2k,2023-02-28 16:46:00,pull_request_created,2022-12-09 18:33:15,glb96,merged
644,25952,yt,2023-02-28 16:46:00,pull_request_created,2022-04-09 10:10:04,neutrinoceros,merged
645,25952,yt,2023-02-28 16:46:00,pull_request_created,2022-04-05 19:19:26,neutrinoceros,merged
646,25952,yt,2023-02-28 16:46:00,pull_request_created,2022-04-05 06:16:15,neutrinoceros,merged
647,25952,yt,2023-02-28 16:46:00,pull_request_created,2022-04-04 17:10:29,pre-commit-ci[bot],merged
648,25952,yt,2023-02-28 16:46:00,pull_request_created,2022-04-04 16:33:56,neutrinoceros,merged
649,25952,yt,2023-02-28 16:46:00,pull_request_created,2022-04-04 16:33:18,meeseeksmachine,merged
650,25952,yt,2023-02-28 16:46:00,pull_request_created,2022-04-03 10:59:00,neutrinoceros,merged
651,25952,yt,2023-02-28 16:46:00,pull_request_created,2022-03-31 15:47:11,neutrinoceros,merged
652,25831,cp2k,2023-02-28 16:46:00,pull_request_created,2022-12-09 17:31:14,glb96,not merged
653,26090,fastjet,2023-02-28 16:46:00,pull_request_created,2022-11-03 19:06:54,lgray,merged
654,25831,cp2k,2023-02-28 16:46:00,pull_request_created,2022-12-08 14:25:01,fstein93,merged
655,25952,yt,2023-02-28 16:46:00,pull_request_created,2022-03-31 15:36:58,neutrinoceros,merged
656,25952,yt,2023-02-28 16:46:00,pull_request_created,2022-03-31 10:59:23,meeseeksmachine,merged
657,25952,yt,2023-02-28 16:46:00,pull_request_created,2022-03-31 08:08:01,neutrinoceros,merged
658,25952,yt,2023-02-28 16:46:00,pull_request_created,2022-03-31 07:53:31,meeseeksmachine,merged
659,26045,dealii,2023-02-28 16:46:00,pull_request_created,2023-03-14 01:23:06,tjhei,merged
660,25952,yt,2023-02-28 16:46:00,pull_request_created,2022-03-30 18:58:12,meeseeksmachine,merged
661,25952,yt,2023-02-28 16:46:00,pull_request_created,2022-03-30 18:12:07,jzuhone,merged
662,25952,yt,2023-02-28 16:46:00,pull_request_created,2022-03-30 14:36:10,meeseeksmachine,merged
663,25952,yt,2023-02-28 16:46:00,pull_request_created,2022-03-30 11:34:43,neutrinoceros,merged
664,25952,yt,2023-02-28 16:46:00,pull_request_created,2022-03-30 10:30:19,meeseeksmachine,merged
665,25952,yt,2023-02-28 16:46:00,pull_request_created,2022-03-29 21:05:33,neutrinoceros,merged
666,25952,yt,2023-02-28 16:46:00,pull_request_created,2022-03-29 12:38:36,lconaboy,merged
667,25952,yt,2023-02-28 16:46:00,pull_request_created,2022-03-29 09:46:49,meeseeksmachine,merged
668,25952,yt,2023-02-28 16:46:00,pull_request_created,2022-03-28 17:54:20,meeseeksmachine,merged
669,26069,Trilinos,2023-02-28 16:46:00,pull_request_created,2019-01-10 21:59:17,jwillenbring,merged
670,25952,yt,2023-02-28 16:46:00,pull_request_created,2022-03-28 16:23:14,cphyc,merged
671,25952,yt,2023-02-28 16:46:00,pull_request_created,2022-03-28 14:27:52,neutrinoceros,merged
672,25952,yt,2023-02-28 16:46:00,pull_request_created,2022-03-25 16:24:06,Xarthisius,merged
673,25952,yt,2023-02-28 16:46:00,pull_request_created,2022-03-24 10:17:10,neutrinoceros,merged
674,25952,yt,2023-02-28 16:46:00,pull_request_created,2022-03-22 14:32:13,meeseeksmachine,merged
675,25952,yt,2023-02-28 16:46:00,pull_request_created,2022-03-21 21:38:33,neutrinoceros,merged
676,26018,ipop-tap,2023-02-28 16:46:00,pull_request_created,2016-01-09 09:01:14,kcratie,merged
677,25952,yt,2023-02-28 16:46:00,pull_request_created,2022-03-21 14:12:38,meeseeksmachine,merged
678,25952,yt,2023-02-28 16:46:00,pull_request_created,2022-03-20 13:10:02,neutrinoceros,not merged
679,25952,yt,2023-02-28 16:46:00,pull_request_created,2022-03-17 22:09:19,neutrinoceros,merged
680,25952,yt,2023-02-28 16:46:00,pull_request_created,2022-03-14 19:29:59,zingale,merged
681,25952,yt,2023-02-28 16:46:00,pull_request_created,2022-03-14 17:15:09,pre-commit-ci[bot],merged
682,25952,yt,2023-02-28 16:46:00,pull_request_created,2022-03-11 22:38:34,neutrinoceros,merged
683,25952,yt,2023-02-28 16:46:00,pull_request_created,2022-03-10 15:53:08,meeseeksmachine,merged
684,25952,yt,2023-02-28 16:46:00,pull_request_created,2022-03-10 11:56:48,neutrinoceros,merged
685,25952,yt,2023-02-28 16:46:00,pull_request_created,2022-03-10 11:40:55,cphyc,merged
686,26018,ipop-tap,2023-02-28 16:46:00,pull_request_created,2015-12-04 01:20:52,kyuhojeong,not merged
687,26018,ipop-tap,2023-02-28 16:46:00,pull_request_created,2015-11-10 03:19:58,kyuhojeong,merged
688,26018,ipop-tap,2023-02-28 16:46:00,pull_request_created,2015-11-01 00:03:06,kyuhojeong,merged
689,25952,yt,2023-02-28 16:46:00,pull_request_created,2022-03-07 17:09:32,pre-commit-ci[bot],merged
690,25952,yt,2023-02-28 16:46:00,pull_request_created,2022-03-07 11:32:04,neutrinoceros,merged
691,25952,yt,2023-02-28 16:46:00,pull_request_created,2022-03-07 10:48:14,neutrinoceros,merged
692,25831,cp2k,2023-02-28 16:46:00,pull_request_created,2022-12-08 13:26:06,fstein93,merged
693,25952,yt,2023-02-28 16:46:00,pull_request_created,2022-03-06 19:40:03,neutrinoceros,not merged
694,25831,cp2k,2023-02-28 16:46:00,pull_request_created,2022-12-08 13:17:44,abussy,merged
695,25831,cp2k,2023-02-28 16:46:00,pull_request_created,2022-12-07 16:42:52,fstein93,merged
696,25831,cp2k,2023-02-28 16:46:00,pull_request_created,2022-12-06 15:40:43,mtaillefumier,merged
697,25831,cp2k,2023-02-28 16:46:00,pull_request_created,2022-12-06 13:05:33,fstein93,merged
698,25831,cp2k,2023-02-28 16:46:00,pull_request_created,2022-12-06 13:03:15,fstein93,merged
699,26018,ipop-tap,2023-02-28 16:46:00,pull_request_created,2015-10-27 20:49:15,kyuhojeong,merged
700,25831,cp2k,2023-02-28 16:46:00,pull_request_created,2022-12-06 11:33:24,mkrack,merged
701,25831,cp2k,2023-02-28 16:46:00,pull_request_created,2022-12-06 09:06:16,juerghutter,merged
702,25831,cp2k,2023-02-28 16:46:00,pull_request_created,2022-12-05 15:03:42,hforbert,merged
703,25831,cp2k,2023-02-28 16:46:00,pull_request_created,2022-12-05 12:41:56,juerghutter,merged
704,25831,cp2k,2023-02-28 16:46:00,pull_request_created,2022-12-04 22:57:53,oschuett,merged
705,25831,cp2k,2023-02-28 16:46:00,pull_request_created,2022-12-02 12:58:15,oschuett,merged
706,25831,cp2k,2023-02-28 16:46:00,pull_request_created,2022-12-02 11:07:24,mkrack,merged
707,25831,cp2k,2023-02-28 16:46:00,pull_request_created,2022-12-02 08:29:08,mtaillefumier,merged
708,25831,cp2k,2023-02-28 16:46:00,pull_request_created,2022-12-01 20:46:12,oschuett,merged
709,25831,cp2k,2023-02-28 16:46:00,pull_request_created,2022-12-01 16:51:34,mkrack,merged
710,25831,cp2k,2023-02-28 16:46:00,pull_request_created,2022-11-30 10:09:10,mkrack,merged
711,25831,cp2k,2023-02-28 16:46:00,pull_request_created,2022-11-29 15:17:54,mkrack,merged
712,25831,cp2k,2023-02-28 16:46:00,pull_request_created,2022-11-29 13:00:39,oschuett,merged
713,26018,ipop-tap,2023-02-28 16:46:00,pull_request_created,2015-10-15 15:25:36,kyuhojeong,merged
714,26018,ipop-tap,2023-02-28 16:46:00,pull_request_created,2015-09-28 02:26:37,kyuhojeong,merged
715,25831,cp2k,2023-02-28 16:46:00,pull_request_created,2022-11-28 15:03:19,mkrack,merged
716,25831,cp2k,2023-02-28 16:46:00,pull_request_created,2022-11-25 16:34:08,fstein93,merged
717,25952,yt,2023-02-28 16:46:00,pull_request_created,2022-03-03 12:49:35,neutrinoceros,merged
718,25952,yt,2023-02-28 16:46:00,pull_request_created,2022-03-03 10:00:15,neutrinoceros,merged
719,25952,yt,2023-02-28 16:46:00,pull_request_created,2022-03-02 22:29:20,neutrinoceros,merged
720,25952,yt,2023-02-28 16:46:00,pull_request_created,2022-02-28 18:33:49,neutrinoceros,not merged
721,25952,yt,2023-02-28 16:46:00,pull_request_created,2022-02-27 12:04:25,neutrinoceros,merged
722,25952,yt,2023-02-28 16:46:00,pull_request_created,2022-02-22 21:26:32,neutrinoceros,merged
723,25831,cp2k,2023-02-28 16:46:00,pull_request_created,2022-11-25 11:16:07,msimberg,merged
724,25831,cp2k,2023-02-28 16:46:00,pull_request_created,2022-11-25 10:24:55,mkrack,merged
725,25952,yt,2023-02-28 16:46:00,pull_request_created,2022-02-21 14:43:13,neutrinoceros,merged
726,25831,cp2k,2023-02-28 16:46:00,pull_request_created,2022-11-25 09:38:52,oschuett,merged
727,25831,cp2k,2023-02-28 16:46:00,pull_request_created,2022-11-24 18:16:14,abussy,merged
728,25831,cp2k,2023-02-28 16:46:00,pull_request_created,2022-11-24 16:48:00,mattiatj,merged
729,25952,yt,2023-02-28 16:46:00,pull_request_created,2022-02-20 10:53:37,neutrinoceros,merged
730,25952,yt,2023-02-28 16:46:00,pull_request_created,2022-02-20 10:40:36,neutrinoceros,merged
731,25952,yt,2023-02-28 16:46:00,pull_request_created,2022-02-19 18:01:58,neutrinoceros,merged
732,25952,yt,2023-02-28 16:46:00,pull_request_created,2022-02-18 18:52:20,neutrinoceros,merged
733,25952,yt,2023-02-28 16:46:00,pull_request_created,2022-02-18 14:06:32,neutrinoceros,merged
734,25831,cp2k,2023-02-28 16:46:00,pull_request_created,2022-11-23 11:52:40,oschuett,merged
735,26018,ipop-tap,2023-02-28 16:46:00,pull_request_created,2015-09-16 02:36:03,kyuhojeong,merged
736,25952,yt,2023-02-28 16:46:00,pull_request_created,2022-02-17 15:10:35,jzuhone,merged
737,26045,dealii,2023-02-28 16:46:00,pull_request_created,2023-03-09 14:20:42,kronbichler,merged
738,26018,ipop-tap,2023-02-28 16:46:00,pull_request_created,2015-09-15 02:58:13,kyuhojeong,merged
739,26018,ipop-tap,2023-02-28 16:46:00,pull_request_created,2015-09-10 01:24:21,kyuhojeong,merged
740,26018,ipop-tap,2023-02-28 16:46:00,pull_request_created,2015-04-25 23:36:54,kyuhojeong,merged
741,26018,ipop-tap,2023-02-28 16:46:00,pull_request_created,2015-02-11 03:44:13,kyuhojeong,merged
742,26018,ipop-tap,2023-02-28 16:46:00,pull_request_created,2014-12-09 23:57:57,kyuhojeong,merged
743,25831,cp2k,2023-02-28 16:46:00,pull_request_created,2022-11-22 16:49:50,oschuett,merged
744,25831,cp2k,2023-02-28 16:46:00,pull_request_created,2022-11-22 13:53:41,mkrack,merged
745,26018,ipop-tap,2023-02-28 16:46:00,pull_request_created,2014-07-20 02:40:42,kcratie,merged
746,26018,ipop-tap,2023-02-28 16:46:00,pull_request_created,2014-04-22 04:27:13,bgw,merged
747,26018,ipop-tap,2023-02-28 16:46:00,pull_request_created,2014-04-22 00:41:19,bgw,merged
748,26018,ipop-tap,2023-02-28 16:46:00,pull_request_created,2014-04-22 00:40:54,bgw,merged
749,25952,yt,2023-02-28 16:46:00,pull_request_created,2022-02-17 14:44:43,meeseeksmachine,merged
750,25952,yt,2023-02-28 16:46:00,pull_request_created,2022-02-16 18:50:14,neutrinoceros,merged
751,25952,yt,2023-02-28 16:46:00,pull_request_created,2022-02-15 09:43:44,cphyc,merged
752,25831,cp2k,2023-02-28 16:46:00,pull_request_created,2022-11-21 15:09:15,fstein93,merged
753,25952,yt,2023-02-28 16:46:00,pull_request_created,2022-02-14 21:25:46,neutrinoceros,merged
754,25952,yt,2023-02-28 16:46:00,pull_request_created,2022-02-14 19:25:19,meeseeksmachine,merged
755,25952,yt,2023-02-28 16:46:00,pull_request_created,2022-02-14 11:00:20,meeseeksmachine,merged
756,25952,yt,2023-02-28 16:46:00,pull_request_created,2022-02-12 14:09:20,neutrinoceros,not merged
757,25831,cp2k,2023-02-28 16:46:00,pull_request_created,2022-11-21 11:01:07,fstein93,merged
758,25831,cp2k,2023-02-28 16:46:00,pull_request_created,2022-11-20 17:05:13,oschuett,merged
759,25952,yt,2023-02-28 16:46:00,pull_request_created,2022-02-12 02:01:00,jzuhone,merged
760,25831,cp2k,2023-02-28 16:46:00,pull_request_created,2022-11-20 13:19:28,mkrack,merged
761,25952,yt,2023-02-28 16:46:00,pull_request_created,2022-02-10 19:18:55,neutrinoceros,merged
762,25952,yt,2023-02-28 16:46:00,pull_request_created,2022-02-10 10:35:46,neutrinoceros,merged
763,25831,cp2k,2023-02-28 16:46:00,pull_request_created,2022-11-20 12:33:29,oschuett,merged
764,26018,ipop-tap,2023-02-28 16:46:00,pull_request_created,2014-04-20 23:10:54,kyuhojeong,merged
765,25831,cp2k,2023-02-28 16:46:00,pull_request_created,2022-11-20 10:55:11,mkrack,merged
766,26018,ipop-tap,2023-02-28 16:46:00,pull_request_created,2014-02-27 19:59:35,pstjuste,merged
767,25831,cp2k,2023-02-28 16:46:00,pull_request_created,2022-11-19 17:54:23,mkrack,merged
768,25831,cp2k,2023-02-28 16:46:00,pull_request_created,2022-11-17 12:08:43,fstein93,merged
769,25952,yt,2023-02-28 16:46:00,pull_request_created,2022-02-09 23:12:11,meeseeksmachine,merged
770,25952,yt,2023-02-28 16:46:00,pull_request_created,2022-02-09 15:48:22,meeseeksmachine,merged
771,25831,cp2k,2023-02-28 16:46:00,pull_request_created,2022-11-17 09:43:15,Iourarum,merged
772,25952,yt,2023-02-28 16:46:00,pull_request_created,2022-02-09 15:45:52,meeseeksmachine,merged
773,25952,yt,2023-02-28 16:46:00,pull_request_created,2022-02-09 11:06:05,neutrinoceros,merged
774,25952,yt,2023-02-28 16:46:00,pull_request_created,2022-02-08 22:04:04,neutrinoceros,merged
775,25831,cp2k,2023-02-28 16:46:00,pull_request_created,2022-11-16 14:30:07,mkrack,merged
776,26018,ipop-tap,2023-02-28 16:46:00,pull_request_created,2014-02-26 20:04:18,bgw,merged
777,25831,cp2k,2023-02-28 16:46:00,pull_request_created,2022-11-16 10:20:55,mkrack,merged
778,26018,ipop-tap,2023-02-28 16:46:00,pull_request_created,2014-02-18 07:09:09,pstjuste,merged
779,26018,ipop-tap,2023-02-28 16:46:00,pull_request_created,2014-01-16 19:24:59,pstjuste,merged
780,25952,yt,2023-02-28 16:46:00,pull_request_created,2022-02-08 12:27:47,neutrinoceros,merged
781,25952,yt,2023-02-28 16:46:00,pull_request_created,2022-02-08 08:55:43,neutrinoceros,merged
782,25952,yt,2023-02-28 16:46:00,pull_request_created,2022-02-07 22:32:08,meeseeksmachine,merged
783,25952,yt,2023-02-28 16:46:00,pull_request_created,2022-02-07 22:20:54,neutrinoceros,merged
784,25831,cp2k,2023-02-28 16:46:00,pull_request_created,2022-11-15 13:49:28,mkrack,merged
785,25952,yt,2023-02-28 16:46:00,pull_request_created,2022-02-07 21:00:04,langmm,merged
786,25952,yt,2023-02-28 16:46:00,pull_request_created,2022-02-07 20:53:13,jzuhone,not merged
787,25831,cp2k,2023-02-28 16:46:00,pull_request_created,2022-11-14 14:08:27,mkrack,merged
788,25952,yt,2023-02-28 16:46:00,pull_request_created,2022-02-07 18:14:45,mtrebitsch,merged
789,26018,ipop-tap,2023-02-28 16:46:00,pull_request_created,2013-12-31 22:20:20,kyuhojeong,merged
790,26018,ipop-tap,2023-02-28 16:46:00,pull_request_created,2013-12-12 00:05:41,pstjuste,merged
791,26018,ipop-tap,2023-02-28 16:46:00,pull_request_created,2013-12-08 23:00:39,pstjuste,merged
792,26018,ipop-tap,2023-02-28 16:46:00,pull_request_created,2013-10-09 23:05:40,bgw,merged
793,25831,cp2k,2023-02-28 16:46:00,pull_request_created,2022-11-13 20:07:48,oschuett,merged
794,26018,ipop-tap,2023-02-28 16:46:00,pull_request_created,2013-10-06 22:00:14,bgw,merged
795,26018,ipop-tap,2023-02-28 16:46:00,pull_request_created,2013-10-05 22:03:22,bgw,merged
796,26018,ipop-tap,2023-02-28 16:46:00,pull_request_created,2013-10-04 16:58:06,bgw,merged
797,25885,knn,2023-02-28 16:46:00,pull_request_created,2018-02-10 05:46:40,rvernica,merged
798,25885,knn,2023-02-28 16:46:00,pull_request_created,2017-02-20 17:35:39,rvernica,merged
799,25831,cp2k,2023-02-28 16:46:00,pull_request_created,2022-11-10 17:02:17,fstein93,merged
800,26045,dealii,2023-02-28 16:46:00,pull_request_created,2023-02-17 20:37:48,tjhei,merged
801,25986,c2numpy,2023-02-28 16:46:00,pull_request_created,2016-10-24 20:26:35,jpivarski,merged
802,25919,airavata,2023-02-28 16:46:00,pull_request_created,2022-06-29 19:45:56,dependabot[bot],not merged
803,26036,bridge,2023-02-28 16:46:00,pull_request_created,2023-03-05 19:58:15,rvernica,not merged
804,25974,scifio,2023-02-28 16:46:00,pull_request_created,2017-01-31 23:40:01,dietzc,not merged
805,26036,bridge,2023-02-28 16:46:00,pull_request_created,2023-02-13 04:58:07,rvernica,merged
806,25831,cp2k,2023-02-28 16:46:00,pull_request_created,2022-11-10 11:28:44,fstein93,merged
807,25913,BiG-CZ-Portal,2023-02-28 16:46:00,pull_request_created,2017-06-27 17:52:11,lsetiawan,merged
808,25955,llvm_archer,2023-02-28 16:46:00,pull_request_created,2016-04-05 12:23:14,jprotze,merged
809,25919,airavata,2023-02-28 16:46:00,pull_request_created,2022-06-29 19:35:26,dependabot[bot],not merged
810,26045,dealii,2023-02-28 16:46:00,pull_request_created,2023-02-14 22:01:36,tjhei,merged
811,25831,cp2k,2023-02-28 16:46:00,pull_request_created,2022-11-09 15:26:18,oschuett,merged
812,25952,yt,2023-02-28 16:46:00,pull_request_created,2022-02-07 17:05:40,pre-commit-ci[bot],merged
813,25952,yt,2023-02-28 16:46:00,pull_request_created,2022-02-07 07:54:49,neutrinoceros,merged
814,25874,pegasus,2023-02-28 16:46:00,pull_request_created,2023-01-20 01:48:57,zaiyan-alam,merged
815,25952,yt,2023-02-28 16:46:00,pull_request_created,2022-02-06 21:50:10,neutrinoceros,merged
816,25952,yt,2023-02-28 16:46:00,pull_request_created,2022-02-05 08:38:03,neutrinoceros,merged
817,25831,cp2k,2023-02-28 16:46:00,pull_request_created,2022-11-09 09:17:15,mtaillefumier,merged
818,25952,yt,2023-02-28 16:46:00,pull_request_created,2022-02-05 08:29:59,neutrinoceros,merged
819,25952,yt,2023-02-28 16:46:00,pull_request_created,2022-02-04 11:18:29,neutrinoceros,merged
820,25831,cp2k,2023-02-28 16:46:00,pull_request_created,2022-11-07 14:39:38,juerghutter,merged
821,25952,yt,2023-02-28 16:46:00,pull_request_created,2022-02-03 15:17:03,neutrinoceros,merged
822,25831,cp2k,2023-02-28 16:46:00,pull_request_created,2022-11-06 13:45:28,fstein93,merged
823,25952,yt,2023-02-28 16:46:00,pull_request_created,2022-02-02 15:25:19,Xarthisius,merged
824,25895,cookie,2023-02-28 16:46:00,pull_request_created,2021-07-09 18:41:08,henryiii,merged
825,26000,vocabulary-pages,2023-02-28 16:46:00,pull_request_created,2018-11-08 21:37:55,keighrim,merged
826,25831,cp2k,2023-02-28 16:46:00,pull_request_created,2022-11-05 21:49:39,oschuett,merged
827,25831,cp2k,2023-02-28 16:46:00,pull_request_created,2022-11-04 13:17:48,fstein93,merged
828,25952,yt,2023-02-28 16:46:00,pull_request_created,2022-02-01 20:50:25,neutrinoceros,not merged
829,25952,yt,2023-02-28 16:46:00,pull_request_created,2022-01-31 17:25:19,neutrinoceros,merged
830,25831,cp2k,2023-02-28 16:46:00,pull_request_created,2022-11-02 14:38:22,juerghutter,merged
831,25831,cp2k,2023-02-28 16:46:00,pull_request_created,2022-10-27 15:51:25,oschuett,merged
832,25952,yt,2023-02-28 16:46:00,pull_request_created,2022-01-31 17:09:41,pre-commit-ci[bot],not merged
833,25831,cp2k,2023-02-28 16:46:00,pull_request_created,2022-10-27 13:59:52,juerghutter,merged
834,25952,yt,2023-02-28 16:46:00,pull_request_created,2022-01-31 16:54:31,matthewturk,merged
835,25831,cp2k,2023-02-28 16:46:00,pull_request_created,2022-10-27 10:07:12,fstein93,merged
836,25952,yt,2023-02-28 16:46:00,pull_request_created,2022-01-31 09:49:00,neutrinoceros,merged
837,25952,yt,2023-02-28 16:46:00,pull_request_created,2022-01-30 15:33:46,neutrinoceros,merged
838,25952,yt,2023-02-28 16:46:00,pull_request_created,2022-01-30 10:03:51,neutrinoceros,merged
839,25952,yt,2023-02-28 16:46:00,pull_request_created,2022-01-28 13:04:08,neutrinoceros,merged
840,25952,yt,2023-02-28 16:46:00,pull_request_created,2022-01-28 11:46:56,neutrinoceros,not merged
841,25952,yt,2023-02-28 16:46:00,pull_request_created,2022-01-27 17:06:51,neutrinoceros,merged
842,25831,cp2k,2023-02-28 16:46:00,pull_request_created,2022-10-26 15:53:35,fstein93,merged
843,25952,yt,2023-02-28 16:46:00,pull_request_created,2022-01-22 08:04:32,neutrinoceros,merged
844,25952,yt,2023-02-28 16:46:00,pull_request_created,2022-01-21 17:56:17,neutrinoceros,merged
845,25952,yt,2023-02-28 16:46:00,pull_request_created,2022-01-20 16:25:49,neutrinoceros,merged
846,25831,cp2k,2023-02-28 16:46:00,pull_request_created,2022-10-26 15:06:47,abussy,merged
847,25952,yt,2023-02-28 16:46:00,pull_request_created,2022-01-20 11:22:35,neutrinoceros,merged
848,25952,yt,2023-02-28 16:46:00,pull_request_created,2022-01-18 16:54:30,chrishavlin,not merged
849,25831,cp2k,2023-02-28 16:46:00,pull_request_created,2022-10-26 09:32:53,mkrack,merged
850,25952,yt,2023-02-28 16:46:00,pull_request_created,2022-01-18 13:15:59,neutrinoceros,merged
851,26003,SCI-Solver_FEM,2023-02-28 16:46:00,pull_request_created,2019-02-22 18:33:30,GPayne,merged
852,25831,cp2k,2023-02-28 16:46:00,pull_request_created,2022-10-26 06:48:48,mkrack,merged
853,25831,cp2k,2023-02-28 16:46:00,pull_request_created,2022-10-25 16:07:35,juerghutter,merged
854,25831,cp2k,2023-02-28 16:46:00,pull_request_created,2022-10-25 14:38:37,oschuett,merged
855,26003,SCI-Solver_FEM,2023-02-28 16:46:00,pull_request_created,2017-09-03 00:57:49,roman3017,not merged
856,25952,yt,2023-02-28 16:46:00,pull_request_created,2022-01-17 16:56:46,pre-commit-ci[bot],merged
857,25952,yt,2023-02-28 16:46:00,pull_request_created,2022-01-11 23:31:39,neutrinoceros,merged
858,25991,hydroshare,2023-02-28 16:46:00,pull_request_created,2021-12-10 23:12:08,pkdash,merged
859,25831,cp2k,2023-02-28 16:46:00,pull_request_created,2022-10-25 09:37:06,oschuett,merged
860,25831,cp2k,2023-02-28 16:46:00,pull_request_created,2022-10-24 15:20:12,abussy,merged
861,25962,pyjet,2023-02-28 16:46:00,pull_request_created,2023-01-06 19:05:35,matthewfeickert,merged
862,25885,knn,2023-02-28 16:46:00,pull_request_created,2017-02-16 04:47:02,rvernica,merged
863,25831,cp2k,2023-02-28 16:46:00,pull_request_created,2022-10-21 12:57:10,juerghutter,merged
864,25831,cp2k,2023-02-28 16:46:00,pull_request_created,2022-10-20 15:10:25,juerghutter,merged
865,26078,formulate,2023-02-28 16:46:00,pull_request_created,2022-05-25 22:49:55,jonas-eschle,not merged
866,26078,formulate,2023-02-28 16:46:00,pull_request_created,2022-02-25 17:38:39,henryiii,not merged
867,26078,formulate,2023-02-28 16:46:00,pull_request_created,2021-01-07 20:27:24,jonas-eschle,merged
868,26078,formulate,2023-02-28 16:46:00,pull_request_created,2020-12-15 10:22:52,chrisburr,merged
869,26078,formulate,2023-02-28 16:46:00,pull_request_created,2020-12-14 16:43:00,jonas-eschle,merged
870,26078,formulate,2023-02-28 16:46:00,pull_request_created,2020-12-14 16:32:45,jonas-eschle,merged
871,26078,formulate,2023-02-28 16:46:00,pull_request_created,2018-10-15 22:38:30,chrisburr,merged
872,26078,formulate,2023-02-28 16:46:00,pull_request_created,2018-02-27 07:17:04,chrisburr,merged
873,26078,formulate,2023-02-28 16:46:00,pull_request_created,2018-02-23 11:15:51,chrisburr,merged
874,26078,formulate,2023-02-28 16:46:00,pull_request_created,2018-02-13 00:13:08,chrisburr,merged
875,25831,cp2k,2023-02-28 16:46:00,pull_request_created,2022-10-19 15:57:18,mtaillefumier,merged
876,25831,cp2k,2023-02-28 16:46:00,pull_request_created,2022-10-19 10:04:28,juerghutter,merged
877,25831,cp2k,2023-02-28 16:46:00,pull_request_created,2022-10-19 08:35:33,mkrack,merged
878,25831,cp2k,2023-02-28 16:46:00,pull_request_created,2022-10-18 07:52:42,alazzaro,merged
879,25831,cp2k,2023-02-28 16:46:00,pull_request_created,2022-10-17 16:06:51,fstein93,merged
880,25952,yt,2023-02-28 16:46:00,pull_request_created,2022-01-11 23:12:32,neutrinoceros,not merged
881,25952,yt,2023-02-28 16:46:00,pull_request_created,2022-01-10 17:01:34,pre-commit-ci[bot],merged
882,25831,cp2k,2023-02-28 16:46:00,pull_request_created,2022-10-17 09:20:36,fstein93,merged
883,25831,cp2k,2023-02-28 16:46:00,pull_request_created,2022-10-17 07:06:43,mkrack,merged
884,25831,cp2k,2023-02-28 16:46:00,pull_request_created,2022-10-14 15:13:33,mkrack,merged
885,25831,cp2k,2023-02-28 16:46:00,pull_request_created,2022-10-14 13:06:55,abussy,merged
886,25831,cp2k,2023-02-28 16:46:00,pull_request_created,2022-10-14 08:27:12,mkrack,merged
887,25831,cp2k,2023-02-28 16:46:00,pull_request_created,2022-10-14 08:24:38,abussy,merged
888,25831,cp2k,2023-02-28 16:46:00,pull_request_created,2022-10-13 20:18:07,oschuett,merged
889,25831,cp2k,2023-02-28 16:46:00,pull_request_created,2022-10-13 09:17:10,fstein93,merged
890,25831,cp2k,2023-02-28 16:46:00,pull_request_created,2022-10-12 12:13:57,juerghutter,merged
891,25831,cp2k,2023-02-28 16:46:00,pull_request_created,2022-10-11 16:01:44,juerghutter,merged
892,25831,cp2k,2023-02-28 16:46:00,pull_request_created,2022-10-10 14:00:53,mattiatj,merged
893,25952,yt,2023-02-28 16:46:00,pull_request_created,2022-01-07 16:36:27,neutrinoceros,merged
894,25831,cp2k,2023-02-28 16:46:00,pull_request_created,2022-10-10 13:56:50,fstein93,merged
895,25952,yt,2023-02-28 16:46:00,pull_request_created,2022-01-07 15:57:39,Xarthisius,not merged
896,25952,yt,2023-02-28 16:46:00,pull_request_created,2022-01-03 16:56:43,pre-commit-ci[bot],not merged
897,25831,cp2k,2023-02-28 16:46:00,pull_request_created,2022-10-10 13:30:17,abussy,merged
898,25952,yt,2023-02-28 16:46:00,pull_request_created,2021-12-29 22:25:58,neutrinoceros,merged
899,25952,yt,2023-02-28 16:46:00,pull_request_created,2021-12-28 20:31:45,neutrinoceros,merged
900,25952,yt,2023-02-28 16:46:00,pull_request_created,2021-12-28 15:12:29,neutrinoceros,merged
901,25952,yt,2023-02-28 16:46:00,pull_request_created,2021-12-27 16:57:08,pre-commit-ci[bot],not merged
902,25831,cp2k,2023-02-28 16:46:00,pull_request_created,2022-10-10 11:32:03,fstein93,merged
903,25952,yt,2023-02-28 16:46:00,pull_request_created,2021-12-23 14:32:02,neutrinoceros,not merged
904,25952,yt,2023-02-28 16:46:00,pull_request_created,2021-12-23 12:25:56,neutrinoceros,not merged
905,25831,cp2k,2023-02-28 16:46:00,pull_request_created,2022-10-10 10:52:26,fstein93,merged
906,25952,yt,2023-02-28 16:46:00,pull_request_created,2021-12-16 11:00:49,neutrinoceros,merged
907,25952,yt,2023-02-28 16:46:00,pull_request_created,2021-12-16 10:45:52,meeseeksmachine,merged
908,25952,yt,2023-02-28 16:46:00,pull_request_created,2021-12-16 07:54:30,neutrinoceros,merged
909,25831,cp2k,2023-02-28 16:46:00,pull_request_created,2022-10-10 08:14:22,oschuett,merged
910,25831,cp2k,2023-02-28 16:46:00,pull_request_created,2022-10-09 19:49:20,oschuett,merged
911,25952,yt,2023-02-28 16:46:00,pull_request_created,2021-12-15 10:04:15,neutrinoceros,merged
912,25952,yt,2023-02-28 16:46:00,pull_request_created,2021-12-14 16:41:45,neutrinoceros,merged
913,25952,yt,2023-02-28 16:46:00,pull_request_created,2021-12-14 15:48:47,neutrinoceros,merged
914,25952,yt,2023-02-28 16:46:00,pull_request_created,2021-12-14 15:42:56,neutrinoceros,merged
915,25952,yt,2023-02-28 16:46:00,pull_request_created,2021-12-14 02:27:00,meeseeksmachine,merged
916,25952,yt,2023-02-28 16:46:00,pull_request_created,2021-12-13 13:22:04,neutrinoceros,merged
917,25952,yt,2023-02-28 16:46:00,pull_request_created,2021-12-13 12:42:22,neutrinoceros,merged
918,25952,yt,2023-02-28 16:46:00,pull_request_created,2021-12-09 17:47:27,neutrinoceros,not merged
919,25952,yt,2023-02-28 16:46:00,pull_request_created,2021-12-07 20:05:48,brittonsmith,not merged
920,25952,yt,2023-02-28 16:46:00,pull_request_created,2021-12-07 19:57:57,meeseeksmachine,merged
921,25831,cp2k,2023-02-28 16:46:00,pull_request_created,2022-10-09 16:32:14,oschuett,merged
922,25831,cp2k,2023-02-28 16:46:00,pull_request_created,2022-10-07 16:35:57,oschuett,merged
923,25952,yt,2023-02-28 16:46:00,pull_request_created,2021-12-06 17:46:27,neutrinoceros,merged
924,25952,yt,2023-02-28 16:46:00,pull_request_created,2021-12-06 16:56:22,pre-commit-ci[bot],merged
925,25831,cp2k,2023-02-28 16:46:00,pull_request_created,2022-10-07 16:03:18,fstein93,merged
926,25831,cp2k,2023-02-28 16:46:00,pull_request_created,2022-10-07 14:36:59,mattiatj,not merged
927,25952,yt,2023-02-28 16:46:00,pull_request_created,2021-12-03 15:54:19,neutrinoceros,merged
928,25952,yt,2023-02-28 16:46:00,pull_request_created,2021-12-01 21:56:02,neutrinoceros,merged
929,25952,yt,2023-02-28 16:46:00,pull_request_created,2021-12-01 21:34:26,meeseeksmachine,merged
930,25831,cp2k,2023-02-28 16:46:00,pull_request_created,2022-10-07 13:56:14,fstein93,merged
931,25831,cp2k,2023-02-28 16:46:00,pull_request_created,2022-10-06 19:20:23,oschuett,merged
932,25952,yt,2023-02-28 16:46:00,pull_request_created,2021-11-30 16:59:40,meeseeksmachine,merged
933,25952,yt,2023-02-28 16:46:00,pull_request_created,2021-11-30 16:07:31,neutrinoceros,merged
934,25831,cp2k,2023-02-28 16:46:00,pull_request_created,2022-10-06 10:40:51,abussy,merged
935,25952,yt,2023-02-28 16:46:00,pull_request_created,2021-11-29 16:46:51,pre-commit-ci[bot],merged
936,25831,cp2k,2023-02-28 16:46:00,pull_request_created,2022-10-06 09:10:57,mkrack,merged
937,25831,cp2k,2023-02-28 16:46:00,pull_request_created,2022-10-06 07:02:31,fbelle,merged
938,25831,cp2k,2023-02-28 16:46:00,pull_request_created,2022-10-05 15:51:50,mkrack,merged
939,25831,cp2k,2023-02-28 16:46:00,pull_request_created,2022-10-05 09:08:39,mkrack,merged
940,25831,cp2k,2023-02-28 16:46:00,pull_request_created,2022-10-05 07:34:29,fstein93,merged
941,25831,cp2k,2023-02-28 16:46:00,pull_request_created,2022-10-04 14:17:17,abussy,merged
942,25952,yt,2023-02-28 16:46:00,pull_request_created,2021-11-29 10:42:04,neutrinoceros,merged
943,25831,cp2k,2023-02-28 16:46:00,pull_request_created,2022-10-04 14:10:03,fbelle,merged
944,25952,yt,2023-02-28 16:46:00,pull_request_created,2021-11-25 15:36:57,neutrinoceros,merged
945,25831,cp2k,2023-02-28 16:46:00,pull_request_created,2022-10-04 12:48:35,fbelle,not merged
946,25831,cp2k,2023-02-28 16:46:00,pull_request_created,2022-10-04 12:35:18,fbelle,not merged
947,25831,cp2k,2023-02-28 16:46:00,pull_request_created,2022-10-04 09:38:44,mkrack,merged
948,25952,yt,2023-02-28 16:46:00,pull_request_created,2021-11-24 12:30:06,meeseeksmachine,merged
949,25831,cp2k,2023-02-28 16:46:00,pull_request_created,2022-10-04 07:24:43,fstein93,merged
950,25952,yt,2023-02-28 16:46:00,pull_request_created,2021-11-22 18:14:38,neutrinoceros,merged
951,25831,cp2k,2023-02-28 16:46:00,pull_request_created,2022-10-03 16:30:51,fstein93,merged
952,25932,hydroshare-quota,2023-02-28 16:46:00,pull_request_created,2022-02-24 14:27:38,korydraughn,merged
953,25952,yt,2023-02-28 16:46:00,pull_request_created,2021-11-22 16:53:33,pre-commit-ci[bot],merged
954,25831,cp2k,2023-02-28 16:46:00,pull_request_created,2022-10-03 15:06:21,dev-zero,merged
955,25952,yt,2023-02-28 16:46:00,pull_request_created,2021-11-22 15:35:18,meeseeksmachine,merged
956,25831,cp2k,2023-02-28 16:46:00,pull_request_created,2022-10-02 19:37:47,oschuett,merged
957,25932,hydroshare-quota,2023-02-28 16:46:00,pull_request_created,2021-01-14 20:22:47,trel,merged
958,25831,cp2k,2023-02-28 16:46:00,pull_request_created,2022-09-30 20:40:04,k9cdt,merged
959,25952,yt,2023-02-28 16:46:00,pull_request_created,2021-11-20 23:18:24,cphyc,merged
960,25831,cp2k,2023-02-28 16:46:00,pull_request_created,2022-09-30 12:09:43,mkrack,merged
961,25831,cp2k,2023-02-28 16:46:00,pull_request_created,2022-09-30 07:22:40,mkrack,merged
962,25952,yt,2023-02-28 16:46:00,pull_request_created,2021-11-20 19:55:41,neutrinoceros,merged
963,26085,NINJA,2023-02-28 16:46:00,pull_request_created,2022-05-04 14:53:04,hainest,merged
964,25952,yt,2023-02-28 16:46:00,pull_request_created,2021-11-20 18:10:44,neutrinoceros,merged
965,25831,cp2k,2023-02-28 16:46:00,pull_request_created,2022-09-29 10:59:10,mkrack,merged
966,25952,yt,2023-02-28 16:46:00,pull_request_created,2021-11-19 22:06:52,matthewturk,merged
967,25952,yt,2023-02-28 16:46:00,pull_request_created,2021-11-19 20:23:37,meeseeksmachine,merged
968,25952,yt,2023-02-28 16:46:00,pull_request_created,2021-11-19 16:37:46,meeseeksmachine,merged
969,25831,cp2k,2023-02-28 16:46:00,pull_request_created,2022-09-28 07:26:33,mkrack,merged
970,25831,cp2k,2023-02-28 16:46:00,pull_request_created,2022-09-27 16:06:33,mkrack,merged
971,25831,cp2k,2023-02-28 16:46:00,pull_request_created,2022-09-27 11:15:48,oschuett,merged
972,25831,cp2k,2023-02-28 16:46:00,pull_request_created,2022-09-27 11:10:33,mkrack,merged
973,25831,cp2k,2023-02-28 16:46:00,pull_request_created,2022-09-26 14:24:17,mkrack,merged
974,25831,cp2k,2023-02-28 16:46:00,pull_request_created,2022-09-26 10:52:27,mkrack,merged
975,25831,cp2k,2023-02-28 16:46:00,pull_request_created,2022-09-23 15:44:54,mkrack,merged
976,25952,yt,2023-02-28 16:46:00,pull_request_created,2021-11-19 15:30:36,neutrinoceros,merged
977,25952,yt,2023-02-28 16:46:00,pull_request_created,2021-11-17 10:49:04,neutrinoceros,not merged
978,25952,yt,2023-02-28 16:46:00,pull_request_created,2021-11-16 20:43:22,olebole,merged
979,26085,NINJA,2023-02-28 16:46:00,pull_request_created,2017-03-07 23:44:34,lee218llnl,merged
980,25831,cp2k,2023-02-28 16:46:00,pull_request_created,2022-09-22 16:08:06,abussy,merged
981,26090,fastjet,2023-02-28 16:46:00,pull_request_created,2021-05-31 07:46:07,dependabot[bot],merged
982,25831,cp2k,2023-02-28 16:46:00,pull_request_created,2022-09-21 15:28:09,mkrack,merged
983,25952,yt,2023-02-28 16:46:00,pull_request_created,2021-11-16 08:48:40,neutrinoceros,merged
984,25952,yt,2023-02-28 16:46:00,pull_request_created,2021-11-15 16:51:38,pre-commit-ci[bot],merged
985,25952,yt,2023-02-28 16:46:00,pull_request_created,2021-11-15 10:36:28,meeseeksmachine,merged
986,25952,yt,2023-02-28 16:46:00,pull_request_created,2021-11-14 12:47:13,neutrinoceros,not merged
987,25952,yt,2023-02-28 16:46:00,pull_request_created,2021-11-12 18:31:40,neutrinoceros,merged
988,25831,cp2k,2023-02-28 16:46:00,pull_request_created,2022-09-20 07:22:20,mkrack,merged
989,25952,yt,2023-02-28 16:46:00,pull_request_created,2021-11-12 11:05:58,neutrinoceros,merged
990,25952,yt,2023-02-28 16:46:00,pull_request_created,2021-11-11 19:17:37,neutrinoceros,merged
991,25831,cp2k,2023-02-28 16:46:00,pull_request_created,2022-09-19 16:11:37,fstein93,merged
992,25952,yt,2023-02-28 16:46:00,pull_request_created,2021-11-11 18:01:06,chummels,merged
993,25831,cp2k,2023-02-28 16:46:00,pull_request_created,2022-09-19 10:58:14,mkrack,merged
994,25831,cp2k,2023-02-28 16:46:00,pull_request_created,2022-09-16 10:04:16,oschuett,merged
995,25831,cp2k,2023-02-28 16:46:00,pull_request_created,2022-09-16 08:33:57,abussy,merged
996,25831,cp2k,2023-02-28 16:46:00,pull_request_created,2022-09-15 21:00:20,oschuett,merged
997,25831,cp2k,2023-02-28 16:46:00,pull_request_created,2022-09-15 15:23:02,juerghutter,merged
998,25952,yt,2023-02-28 16:46:00,pull_request_created,2021-11-10 12:16:37,meeseeksmachine,merged
999,25952,yt,2023-02-28 16:46:00,pull_request_created,2021-11-10 11:19:35,neutrinoceros,merged
